"","Seazon","Number","Title","Rating","Votes","Duration","Cast"
"1",1,1,"Spadek",8.5,837,49,"Lucy Wilska | Wójt Paweł Kozioł / Ksiądz Piotr Kozioł | Jakub ""Kusy"" Sokołowski | Andrzej Więcławski | Jan Japycz | Tadeusz Hadziuk | Patryk Pietrek | Halina Kozioł, żona wójta | Barmanka Wioletka Kotecka | Policjant Stasiek Kotecki | Zofia Steć, babka zielarka"
"2",1,2,"Goście z zaświatów",8.6,734,49,"Lucy Wilska | Wójt Paweł Kozioł / Ksiądz Piotr Kozioł | Jakub ""Kusy"" Sokołowski | Andrzej Więcławski | Klaudia Kozioł, córka senatora | Wiesława Oleś, dyrektorka szkoły | Halina Kozioł, żona wójta | Jan Japycz | Tadeusz Hadziuk | Maciej Solejuk | Patryk Pietrek | Barmanka Wioletka Kotecka | Michałowa, gospodyni księdza"
"3",1,3,"Ksiądz z inicjatywą",8.6,684,48,"Lucy Wilska | Wójt Paweł Kozioł / Ksiądz Piotr Kozioł | Jakub ""Kusy"" Sokołowski | Halina Kozioł, żona wójta | Wiesława Oleś, dyrektorka szkoły | Patryk Pietrek | Andrzej Więcławski | Michałowa, gospodyni księdza | Jan Japycz | Maciej Solejuk | Marianek Solejuk"
"4",1,4,"Otrzeźwienie",8.5,668,48,"Lucy Wilska | Wójt Paweł Kozioł / Ksiądz Piotr Kozioł | Jakub ""Kusy"" Sokołowski | Jan Japycz | Tadeusz Hadziuk | Patryk Pietrek | Klaudia Kozioł, córka senatora | Halina Kozioł, żona wójta | Kazimiera Solejukowa | Michałowa, gospodyni księdza | Policjant Stasiek Kotecki | Barmanka Wioletka Kotecka | Polonista Tomasz Witebski | Zofia Steć, babka zielarka | Maciej Solejuk | Andrzej Więcławski | Wiesława Oleś, dyrektorka szkoły | Celina Hadziukowa | Marianek Solejuk | Szymek Solejuk | Kasia Solejuk | Krystyna Więcławska"
"5",1,5,"Wieść gminna",8.5,658,49,"Lucy Wilska | Wójt Paweł Kozioł / Ksiądz Piotr Kozioł | Jakub ""Kusy"" Sokołowski | Polonista Tomasz Witebski | Arkadiusz Czerepach | Michałowa, gospodyni księdza | Jan Japycz | Tadeusz Hadziuk | Patryk Pietrek | Barmanka Wioletka Kotecka | Doktor Mieczysław Wezół | Policjant Stasiek Kotecki | Zofia Steć, babka zielarka | Marianek Solejuk | Szymek Solejuk"
"6",1,6,"Racja gminy",8.5,640,50,"Lucy Wilska | Wójt Paweł Kozioł / Ksiądz Piotr Kozioł | Jakub ""Kusy"" Sokołowski | Polonista Tomasz Witebski | Policjant Stasiek Kotecki | Halina Kozioł, żona wójta | Klaudia Kozioł, córka senatora | Michałowa, gospodyni księdza | Patryk Pietrek | Arkadiusz Czerepach | Jan Japycz | Tadeusz Hadziuk | Barmanka Wioletka Kotecka | Marianek Solejuk | Szymek Solejuk"
"7",1,7,"Podwójny agent",8.6,644,49,"Lucy Wilska | Wójt Paweł Kozioł / Ksiądz Piotr Kozioł | Jakub ""Kusy"" Sokołowski | Polonista Tomasz Witebski | Policjant Stasiek Kotecki | Klaudia Kozioł, córka senatora | Barmanka Wioletka Kotecka | Halina Kozioł, żona wójta | Maciej Solejuk | Patryk Pietrek | Tadeusz Hadziuk | Jan Japycz | Arkadiusz Czerepach | Michałowa, gospodyni księdza"
"8",1,8,"Kozy ofiarne",8.5,641,49,"Lucy Wilska | Wójt Paweł Kozioł / Ksiądz Piotr Kozioł | Jakub ""Kusy"" Sokołowski | Halina Kozioł, żona wójta | Klaudia Kozioł, córka senatora | Polonista Tomasz Witebski | Policjant Stasiek Kotecki | Doktor Mieczysław Wezół | Jan Japycz | Patryk Pietrek | Tadeusz Hadziuk | Arkadiusz Czerepach | Celina Hadziukowa | Zofia Steć, babka zielarka | Barmanka Wioletka Kotecka | Marianek Solejuk | Szymek Solejuk"
"9",1,9,"Odwyk i antykoncepcja",8.6,641,48,"Lucy Wilska | Wójt Paweł Kozioł / Ksiądz Piotr Kozioł | Jakub ""Kusy"" Sokołowski | Jan Japycz | Patryk Pietrek | Doktor Mieczysław Wezół | Arkadiusz Czerepach | Polonista Tomasz Witebski | Tadeusz Hadziuk | Barmanka Wioletka Kotecka | Policjant Stasiek Kotecki | Michałowa, gospodyni księdza | Halina Kozioł, żona wójta | Kazimiera Solejukowa | Szymek Solejuk | Krystyna Więcławska | Dorota Wezółowa"
"10",1,10,"Porwanie",8.6,651,49,"Lucy Wilska | Wójt Paweł Kozioł / Ksiądz Piotr Kozioł | Jakub ""Kusy"" Sokołowski | Tadeusz Hadziuk | Maciej Solejuk | Barmanka Wioletka Kotecka | Policjant Stasiek Kotecki | Polonista Tomasz Witebski | Klaudia Kozioł, córka senatora | Doktor Mieczysław Wezół | Kazimiera Solejukowa | Celina Hadziukowa"
"11",1,11,"Wspólny wróg",8.5,629,48,"Lucy Wilska | Wójt Paweł Kozioł / Ksiądz Piotr Kozioł | Jakub ""Kusy"" Sokołowski | Polonista Tomasz Witebski | Kazimiera Solejukowa | Celina Hadziukowa | Policjant Stasiek Kotecki | Maciej Solejuk | Jan Japycz | Patryk Pietrek | Tadeusz Hadziuk | Halina Kozioł, żona wójta | Klaudia Kozioł, córka senatora | Michałowa, gospodyni księdza | Arkadiusz Czerepach | Barmanka Wioletka Kotecka | Szymek Solejuk | Marianek Solejuk | Kasia Solejuk"
"12",1,12,"Honor gminy",8.6,635,48,"Lucy Wilska | Wójt Paweł Kozioł / Ksiądz Piotr Kozioł | Jakub ""Kusy"" Sokołowski | Andrzej Więcławski | Arkadiusz Czerepach | Jan Japycz | Patryk Pietrek | Tadeusz Hadziuk | Michałowa, gospodyni księdza | Polonista Tomasz Witebski | Doktor Mieczysław Wezół | Halina Kozioł, żona wójta | Księgowa Leokadia Czerepach / Księgowa Leokadia Paciorek | Barmanka Wioletka Kotecka"
"13",1,13,"Wielkie wybory",8.8,630,49,"Lucy Wilska | Wójt Paweł Kozioł / Ksiądz Piotr Kozioł | Jakub ""Kusy"" Sokołowski | Halina Kozioł, żona wójta | Wiesława Oleś, dyrektorka szkoły | Klaudia Kozioł, córka senatora | Arkadiusz Czerepach | Jan Japycz | Patryk Pietrek | Tadeusz Hadziuk | Michałowa, gospodyni księdza | Policjant Stasiek Kotecki | Maciej Solejuk | Kazimiera Solejukowa | Celina Hadziukowa | Zofia Steć, babka zielarka | Polonista Tomasz Witebski | Andrzej Więcławski | Szymek Solejuk | Marianek Solejuk"
"14",2,14,"Sztuka i władza",8.6,576,53,"Lucy Wilska | Wójt Paweł Kozioł / Ksiądz Piotr Kozioł | Jakub ""Kusy"" Sokołowski | Michałowa, gospodyni księdza | Arkadiusz Czerepach | Kazimiera Solejukowa | Patryk Pietrek | Maciej Solejuk | Tadeusz Hadziuk | Andrzej Więcławski | Klaudia Kozioł, córka senatora | Księgowa Leokadia Czerepach / Księgowa Leokadia Paciorek | Barmanka Wioletka Kotecka | Jan Japycz | Marianek Solejuk | Kasia Solejuk"
"15",2,15,"Gmina to Ja",8.5,560,48,"Lucy Wilska | Wójt Paweł Kozioł / Ksiądz Piotr Kozioł | Jakub ""Kusy"" Sokołowski | Andrzej Więcławski | Halina Kozioł, żona wójta | Michałowa, gospodyni księdza | Barmanka Wioletka Kotecka | Tadeusz Hadziuk | Maciej Solejuk | Patryk Pietrek | Arkadiusz Czerepach | Jan Japycz | Krystyna Więcławska"
"16",2,16,"Lokalna rewolucja",8.6,557,48,"Lucy Wilska | Wójt Paweł Kozioł / Ksiądz Piotr Kozioł | Jakub ""Kusy"" Sokołowski | Andrzej Więcławski | Patryk Pietrek | Barmanka Wioletka Kotecka | Tadeusz Hadziuk | Jan Japycz | Kazimiera Solejukowa | Maciej Solejuk | Arkadiusz Czerepach | Halina Kozioł, żona wójta | Klaudia Kozioł, córka senatora | Stacho Japycz, mąż Michałowej | Policjant Stasiek Kotecki | Polonista Tomasz Witebski | Doktor Mieczysław Wezół | Michałowa, gospodyni księdza | Szymek Solejuk | Marianek Solejuk | Kasia Solejuk"
"17",2,17,"Honor parafii",8.6,558,48,"Lucy Wilska | Wójt Paweł Kozioł / Ksiądz Piotr Kozioł | Jakub ""Kusy"" Sokołowski | Arkadiusz Czerepach | Fabian Duda | Michałowa, gospodyni księdza | Księgowa Leokadia Czerepach / Księgowa Leokadia Paciorek | Policjant Stasiek Kotecki | Barmanka Wioletka Kotecka | Wiesława Oleś, dyrektorka szkoły | Polonista Tomasz Witebski | Stacho Japycz, mąż Michałowej | Patryk Pietrek | Tadeusz Hadziuk | Maciej Solejuk | Celina Hadziukowa | Krystyna Więcławska"
"18",2,18,"Europejski kandydat",8.6,541,48,"Lucy Wilska | Wójt Paweł Kozioł / Ksiądz Piotr Kozioł | Jakub ""Kusy"" Sokołowski | Arkadiusz Czerepach | Jan Japycz | Stacho Japycz, mąż Michałowej | Maciej Solejuk | Patryk Pietrek | Michałowa, gospodyni księdza | Kazimiera Solejukowa | Tadeusz Hadziuk | Klaudia Kozioł, córka senatora | Doktor Mieczysław Wezół | Fabian Duda | Polonista Tomasz Witebski | Halina Kozioł, żona wójta | Marianek Solejuk | Kasia Solejuk | Dorota Wezółowa | Krystyna Więcławska"
"19",2,19,"Rozwód z miłości",8.5,554,48,"Lucy Wilska | Wójt Paweł Kozioł / Ksiądz Piotr Kozioł | Jakub ""Kusy"" Sokołowski | Andrzej Więcławski | Klaudia Kozioł, córka senatora | Halina Kozioł, żona wójta | Fabian Duda | Tadeusz Hadziuk | Patryk Pietrek | Policjant Stasiek Kotecki | Barmanka Wioletka Kotecka | Michałowa, gospodyni księdza | Krystyna Więcławska"
"20",2,20,"Diabelskie porachunki",8.5,547,47,"Lucy Wilska | Wójt Paweł Kozioł / Ksiądz Piotr Kozioł | Jakub ""Kusy"" Sokołowski | Michałowa, gospodyni księdza | Andrzej Więcławski | Jan Japycz | Stacho Japycz, mąż Michałowej | Maciej Solejuk | Tadeusz Hadziuk | Patryk Pietrek | Klaudia Kozioł, córka senatora | Policjant Stasiek Kotecki | Barmanka Wioletka Kotecka | Halina Kozioł, żona wójta | Fabian Duda | Krystyna Więcławska"
"21",2,21,"Jesienna burza",8.6,538,48,"Lucy Wilska | Wójt Paweł Kozioł / Ksiądz Piotr Kozioł | Jakub ""Kusy"" Sokołowski | Andrzej Więcławski | Michałowa, gospodyni księdza | Stacho Japycz, mąż Michałowej | Doktor Mieczysław Wezół | Fabian Duda | Maciej Solejuk | Halina Kozioł, żona wójta | Tadeusz Hadziuk | Jan Japycz | Patryk Pietrek | Klaudia Kozioł, córka senatora | Celina Hadziukowa | Kazimiera Solejukowa | Dorota Wezółowa"
"22",2,22,"Diler pierogów",8.7,558,48,"Lucy Wilska | Wójt Paweł Kozioł / Ksiądz Piotr Kozioł | Jakub ""Kusy"" Sokołowski | Tadeusz Hadziuk | Patryk Pietrek | Maciej Solejuk | Andrzej Więcławski | Polonista Tomasz Witebski | Stacho Japycz, mąż Michałowej | Halina Kozioł, żona wójta | Celina Hadziukowa | Kazimiera Solejukowa | Klaudia Kozioł, córka senatora | Wiesława Oleś, dyrektorka szkoły | Doktor Mieczysław Wezół | Policjant Stasiek Kotecki | Fabian Duda | Michałowa, gospodyni księdza | Barmanka Wioletka Kotecka | Marianek Solejuk | Kasia Solejuk | Dorota Wezółowa | Krystyna Więcławska"
"23",2,23,"Do dobrego lepiej przymusić",8.5,534,48,"Lucy Wilska | Wójt Paweł Kozioł / Ksiądz Piotr Kozioł | Jakub ""Kusy"" Sokołowski | Stacho Japycz, mąż Michałowej | Patryk Pietrek | Michałowa, gospodyni księdza | Policjant Stasiek Kotecki | Maciej Solejuk | Klaudia Kozioł, córka senatora | Fabian Duda | Tadeusz Hadziuk | Kazimiera Solejukowa | Celina Hadziukowa | Polonista Tomasz Witebski | Księgowa Leokadia Czerepach / Księgowa Leokadia Paciorek | Andrzej Więcławski | Marianek Solejuk | Kasia Solejuk | Krystyna Więcławska"
"24",2,24,"Siła władzy",8.6,534,48,"Lucy Wilska | Wójt Paweł Kozioł / Ksiądz Piotr Kozioł | Jakub ""Kusy"" Sokołowski | Stacho Japycz, mąż Michałowej | Patryk Pietrek | Halina Kozioł, żona wójta | Policjant Stasiek Kotecki | Klaudia Kozioł, córka senatora | Michałowa, gospodyni księdza | Barmanka Wioletka Kotecka | Maciej Solejuk | Tadeusz Hadziuk | Doktor Mieczysław Wezół"
"25",2,25,"Plan awaryjny",8.7,529,48,"Lucy Wilska | Wójt Paweł Kozioł / Ksiądz Piotr Kozioł | Jakub ""Kusy"" Sokołowski | Doktor Mieczysław Wezół | Stacho Japycz, mąż Michałowej | Patryk Pietrek | Tadeusz Hadziuk | Klaudia Kozioł, córka senatora | Barmanka Wioletka Kotecka | Policjant Stasiek Kotecki | Michałowa, gospodyni księdza | Halina Kozioł, żona wójta | Fabian Duda | Andrzej Więcławski | Polonista Tomasz Witebski | Dorota Wezółowa | Krystyna Więcławska"
"26",2,26,"Zgoda po polsku",8.8,537,47,"Lucy Wilska | Wójt Paweł Kozioł / Ksiądz Piotr Kozioł | Jakub ""Kusy"" Sokołowski | Policjant Stasiek Kotecki | Barmanka Wioletka Kotecka | Patryk Pietrek | Tadeusz Hadziuk | Halina Kozioł, żona wójta | Michałowa, gospodyni księdza | Stacho Japycz, mąż Michałowej | Klaudia Kozioł, córka senatora | Andrzej Więcławski | Kazimiera Solejukowa | Maciej Solejuk | Polonista Tomasz Witebski | Doktor Mieczysław Wezół | Celina Hadziukowa | Wiesława Oleś, dyrektorka szkoły | Księgowa Leokadia Czerepach / Księgowa Leokadia Paciorek | Fabian Duda | Dorota Wezółowa"
"27",3,27,"Płomień duży i mały",8.5,516,46,"Lucy Wilska | Wójt Paweł Kozioł / Ksiądz Piotr Kozioł | Jakub ""Kusy"" Sokołowski | Michałowa, gospodyni księdza | Stacho Japycz, mąż Michałowej | Policjant Stasiek Kotecki | Barmanka Wioletka Kotecka | Andrzej Więcławski | Patryk Pietrek | Tadeusz Hadziuk | Maciej Solejuk | Polonista Tomasz Witebski | Kazimiera Solejukowa | Celina Hadziukowa | Księgowa Leokadia Czerepach / Księgowa Leokadia Paciorek | Fabian Duda | Halina Kozioł, żona wójta | Krystyna Więcławska | Dorota Wezółowa"
"28",3,28,"Powrót demona",8.7,512,48,"Lucy Wilska | Wójt Paweł Kozioł / Ksiądz Piotr Kozioł | Jakub ""Kusy"" Sokołowski | Michałowa, gospodyni księdza | Stacho Japycz, mąż Michałowej | Arkadiusz Czerepach | Policjant Stasiek Kotecki | Barmanka Wioletka Kotecka | Patryk Pietrek | Tadeusz Hadziuk | Maciej Solejuk | Polonista Tomasz Witebski | Kazimiera Solejukowa | Celina Hadziukowa | Halina Kozioł, żona wójta | Klaudia Kozioł, córka senatora | Andrzej Więcławski | Księgowa Leokadia Czerepach / Księgowa Leokadia Paciorek | Fabian Duda | Marianek Solejuk | Kasia Solejuk | Syn Solejuków | Krystyna Więcławska"
"29",3,29,"W kleszczach terroru",8.7,510,47,"Lucy Wilska | Wójt Paweł Kozioł / Ksiądz Piotr Kozioł | Jakub ""Kusy"" Sokołowski | Michałowa, gospodyni księdza | Stacho Japycz, mąż Michałowej | Arkadiusz Czerepach | Halina Kozioł, żona wójta | Klaudia Kozioł, córka senatora | Policjant Stasiek Kotecki | Barmanka Wioletka Kotecka | Doktor Mieczysław Wezół | Patryk Pietrek | Tadeusz Hadziuk | Maciej Solejuk | Polonista Tomasz Witebski | Księgowa Leokadia Czerepach / Księgowa Leokadia Paciorek | Fabian Duda | Wiesława Oleś, dyrektorka szkoły | Marianek Solejuk | Kasia Solejuk | Syn Solejuków"
"30",3,30,"Fakt prasowy",8.7,502,47,"Lucy Wilska | Wójt Paweł Kozioł / Ksiądz Piotr Kozioł | Jakub ""Kusy"" Sokołowski | Michałowa, gospodyni księdza | Stacho Japycz, mąż Michałowej | Arkadiusz Czerepach | Kazimiera Solejukowa | Maciej Solejuk | Tadeusz Hadziuk | Patryk Pietrek | Celina Hadziukowa | Policjant Stasiek Kotecki | Barmanka Wioletka Kotecka | Polonista Tomasz Witebski | Halina Kozioł, żona wójta | Zofia Steć, babka zielarka | Księgowa Leokadia Czerepach / Księgowa Leokadia Paciorek | Fabian Duda | Marianek Solejuk | Szymek Solejuk | Kasia Solejuk | Syn Solejuków | Krystyna Więcławska"
"31",3,31,"Radio interaktywne",8.7,513,47,"Lucy Wilska | Wójt Paweł Kozioł / Ksiądz Piotr Kozioł | Jakub ""Kusy"" Sokołowski | Michałowa, gospodyni księdza | Stacho Japycz, mąż Michałowej | Arkadiusz Czerepach | Jola Pietrek | Patryk Pietrek | Halina Kozioł, żona wójta | Polonista Tomasz Witebski | Maciej Solejuk | Tadeusz Hadziuk | Policjant Stasiek Kotecki | Barmanka Wioletka Kotecka | Klaudia Kozioł, córka senatora | Kazimiera Solejukowa | Księgowa Leokadia Czerepach / Księgowa Leokadia Paciorek | Andrzej Więcławski | Marianek Solejuk | Kasia Solejuk | Syn Solejuków | Krystyna Więcławska | Dorota Wezółowa"
"32",3,32,"Wielkie odkrycie",8.6,497,47,"Lucy Wilska | Wójt Paweł Kozioł / Ksiądz Piotr Kozioł | Jakub ""Kusy"" Sokołowski | Michałowa, gospodyni księdza | Stacho Japycz, mąż Michałowej | Maciej Solejuk | Tadeusz Hadziuk | Patryk Pietrek | Policjant Stasiek Kotecki | Barmanka Wioletka Kotecka | Polonista Tomasz Witebski | Andrzej Więcławski | Jola Pietrek | Kazimiera Solejukowa | Doktor Mieczysław Wezół | Księgowa Leokadia Czerepach / Księgowa Leokadia Paciorek | Fabian Duda | Marianek Solejuk | Kasia Solejuk | Syn Solejuków | Krystyna Więcławska | Dorota Wezółowa"
"33",3,33,"Sprawca",8.6,492,47,"Lucy Wilska | Wójt Paweł Kozioł / Ksiądz Piotr Kozioł | Jakub ""Kusy"" Sokołowski | Michałowa, gospodyni księdza | Stacho Japycz, mąż Michałowej | Maciej Solejuk | Tadeusz Hadziuk | Patryk Pietrek | Jola Pietrek | Andrzej Więcławski | Zofia Steć, babka zielarka | Polonista Tomasz Witebski | Kazimiera Solejukowa | Celina Hadziukowa | Doktor Mieczysław Wezół | Policjant Stasiek Kotecki | Barmanka Wioletka Kotecka | Halina Kozioł, żona wójta | Klaudia Kozioł, córka senatora | Księgowa Leokadia Czerepach / Księgowa Leokadia Paciorek | Fabian Duda | Dorota Wezółowa"
"34",3,34,"Odsiecz",8.6,499,47,"Lucy Wilska | Wójt Paweł Kozioł / Ksiądz Piotr Kozioł | Jakub ""Kusy"" Sokołowski | Michałowa, gospodyni księdza | Stacho Japycz, mąż Michałowej | Maciej Solejuk | Tadeusz Hadziuk | Patryk Pietrek | Jola Pietrek | Andrzej Więcławski | Kazimiera Solejukowa | Celina Hadziukowa | Wiesława Oleś, dyrektorka szkoły | Halina Kozioł, żona wójta | Klaudia Kozioł, córka senatora | Zofia Steć, babka zielarka | Polonista Tomasz Witebski | Doktor Mieczysław Wezół | Policjant Stasiek Kotecki | Barmanka Wioletka Kotecka | Księgowa Leokadia Czerepach / Księgowa Leokadia Paciorek | Fabian Duda | Krystyna Więcławska | Dorota Wezółowa | Ksiądz Wikary Robert"
"35",3,35,"Upadek obyczajów",8.6,501,47,"Lucy Wilska | Wójt Paweł Kozioł / Ksiądz Piotr Kozioł | Jakub ""Kusy"" Sokołowski | Michałowa, gospodyni księdza | Stacho Japycz, mąż Michałowej | Halina Kozioł, żona wójta | Maciej Solejuk | Tadeusz Hadziuk | Patryk Pietrek | Krystyna Więcławska | Andrzej Więcławski | Barmanka Wioletka Kotecka | Klaudia Kozioł, córka senatora | Fabian Duda | Zofia Steć, babka zielarka | Polonista Tomasz Witebski | Jola Pietrek"
"36",3,36,"Miedź brzęcząca",8.6,502,48,"Lucy Wilska | Wójt Paweł Kozioł / Ksiądz Piotr Kozioł | Jakub ""Kusy"" Sokołowski | Michałowa, gospodyni księdza | Stacho Japycz, mąż Michałowej | Zofia Steć, babka zielarka | Polonista Tomasz Witebski | Halina Kozioł, żona wójta | Andrzej Więcławski | Tadeusz Hadziuk | Patryk Pietrek | Jola Pietrek | Wiesława Oleś, dyrektorka szkoły | Fabian Duda | Doktor Mieczysław Wezół | Księgowa Leokadia Czerepach / Księgowa Leokadia Paciorek | Klaudia Kozioł, córka senatora | Barmanka Wioletka Kotecka | Policjant Stasiek Kotecki | Kazimiera Solejukowa | Krystyna Więcławska | Dorota Wezółowa"
"37",3,37,"Zrozumieć kobietę",8.6,494,47,"Lucy Wilska | Wójt Paweł Kozioł / Ksiądz Piotr Kozioł | Jakub ""Kusy"" Sokołowski | Michałowa, gospodyni księdza | Stacho Japycz, mąż Michałowej | Halina Kozioł, żona wójta | Klaudia Kozioł, córka senatora | Andrzej Więcławski | Wiesława Oleś, dyrektorka szkoły | Księgowa Leokadia Czerepach / Księgowa Leokadia Paciorek | Polonista Tomasz Witebski | Kazimiera Solejukowa | Celina Hadziukowa | Maciej Solejuk | Tadeusz Hadziuk | Patryk Pietrek | Fabian Duda | Zofia Steć, babka zielarka | Jola Pietrek | Doktor Mieczysław Wezół | Policjant Stasiek Kotecki | Barmanka Wioletka Kotecka | Ksiądz Wikary Robert | Krystyna Więcławska"
"38",3,38,"Złoty deszcz",8.6,491,47,"Lucy Wilska | Wójt Paweł Kozioł / Ksiądz Piotr Kozioł | Jakub ""Kusy"" Sokołowski | Michałowa, gospodyni księdza | Stacho Japycz, mąż Michałowej | Tadeusz Hadziuk | Fabian Duda | Klaudia Kozioł, córka senatora | Polonista Tomasz Witebski | Wiesława Oleś, dyrektorka szkoły | Maciej Solejuk | Patryk Pietrek | Celina Hadziukowa | Księgowa Leokadia Czerepach / Księgowa Leokadia Paciorek | Barmanka Wioletka Kotecka | Halina Kozioł, żona wójta | Kasia Solejuk | Ksiądz Wikary Robert | Dorota Wezółowa"
"39",3,39,"Szczęśliwe rozwiązanie",8.8,514,47,"Lucy Wilska | Wójt Paweł Kozioł / Ksiądz Piotr Kozioł | Jakub ""Kusy"" Sokołowski | Michałowa, gospodyni księdza | Stacho Japycz, mąż Michałowej | Celina Hadziukowa | Księgowa Leokadia Czerepach / Księgowa Leokadia Paciorek | Wiesława Oleś, dyrektorka szkoły | Maciej Solejuk | Tadeusz Hadziuk | Patryk Pietrek | Polonista Tomasz Witebski | Halina Kozioł, żona wójta | Jola Pietrek | Fabian Duda | Andrzej Więcławski | Barmanka Wioletka Kotecka | Policjant Stasiek Kotecki | Doktor Mieczysław Wezół | Klaudia Kozioł, córka senatora | Kazimiera Solejukowa | Zofia Steć, babka zielarka | Dorota Wezółowa | Krystyna Więcławska | Ksiądz Wikary Robert"
"40",4,40,"Szok poporodowy",8.5,515,49,"Lucy Wilska | Wójt Paweł Kozioł / Ksiądz Piotr Kozioł | Jakub ""Kusy"" Sokołowski | Michałowa, gospodyni księdza | Stacho Japycz, mąż Michałowej | Doktor Mieczysław Wezół | Halina Kozioł, żona wójta | Klaudia Kozioł, córka senatora | Andrzej Więcławski | Wiesława Oleś, dyrektorka szkoły | Patryk Pietrek | Maciej Solejuk | Tadeusz Hadziuk | Dorotka, córka Lucy i ""Kusego"" | Dorota Wezółowa | Ksiądz Wikary Robert | Krystyna Więcławska"
"41",4,41,"Sztormy emocjonalne",8.6,497,47,"Lucy Wilska | Wójt Paweł Kozioł / Ksiądz Piotr Kozioł | Jakub ""Kusy"" Sokołowski | Michałowa, gospodyni księdza | Stacho Japycz, mąż Michałowej | Doktor Mieczysław Wezół | Halina Kozioł, żona wójta | Klaudia Kozioł, córka senatora | Andrzej Więcławski | Kazimiera Solejukowa | Celina Hadziukowa | Wiesława Oleś, dyrektorka szkoły | Maciej Solejuk | Tadeusz Hadziuk | Patryk Pietrek | Jola Pietrek | Barmanka Wioletka Kotecka | Policjant Stasiek Kotecki | Polonista Tomasz Witebski | Dorotka, córka Lucy i ""Kusego"" | Szymek Solejuk | Marianek Solejuk | Kasia Solejuk | Syn Solejuków | Dorota Wezółowa | Ksiądz Wikary Robert | Krystyna Więcławska"
"42",4,42,"Śluby i rozstania",8.7,503,48,"Lucy Wilska | Wójt Paweł Kozioł / Ksiądz Piotr Kozioł | Jakub ""Kusy"" Sokołowski | Michałowa, gospodyni księdza | Stacho Japycz, mąż Michałowej | Arkadiusz Czerepach | Kazimiera Solejukowa | Maciej Solejuk | Tadeusz Hadziuk | Patryk Pietrek | Andrzej Więcławski | Halina Kozioł, żona wójta | Klaudia Kozioł, córka senatora | Fabian Duda | Doktor Mieczysław Wezół | Celina Hadziukowa | Wiesława Oleś, dyrektorka szkoły | Jola Pietrek | Barmanka Wioletka Kotecka | Policjant Stasiek Kotecki | Księgowa Leokadia Czerepach / Księgowa Leokadia Paciorek | Zofia Steć, babka zielarka | Polonista Tomasz Witebski | Dorotka, córka Lucy i ""Kusego"" | Marianek Solejuk | Kasia Solejuk | Syn Solejuków | Krystyna Więcławska | Dorota Wezółowa | Ksiądz Wikary Robert"
"43",4,43,"Agent",8.6,492,46,"Lucy Wilska | Wójt Paweł Kozioł / Ksiądz Piotr Kozioł | Jakub ""Kusy"" Sokołowski | Michałowa, gospodyni księdza | Arkadiusz Czerepach | Barmanka Wioletka Kotecka | Policjant Stasiek Kotecki | Kazimiera Solejukowa | Maciej Solejuk | Tadeusz Hadziuk | Patryk Pietrek | Wiesława Oleś, dyrektorka szkoły | Halina Kozioł, żona wójta | Klaudia Kozioł, córka senatora | Krystyna Więcławska | Andrzej Więcławski | Jola Pietrek | Celina Hadziukowa | Dorotka, córka Lucy i ""Kusego"" | Marianek Solejuk | Kasia Solejuk | Syn Solejuków"
"44",4,44,"Polityka i czary",8.6,492,47,"Lucy Wilska | Wójt Paweł Kozioł / Ksiądz Piotr Kozioł | Jakub ""Kusy"" Sokołowski | Arkadiusz Czerepach | Barmanka Wioletka Kotecka | Policjant Stasiek Kotecki | Celina Hadziukowa | Tadeusz Hadziuk | Zofia Steć, babka zielarka | Patryk Pietrek | Jola Pietrek | Kazimiera Solejukowa | Maciej Solejuk | Księgowa Leokadia Czerepach / Księgowa Leokadia Paciorek | Dorotka, córka Lucy i ""Kusego"" | Krystyna Więcławska"
"45",4,45,"Wymiana międzypokoleniowa",8.6,486,49,"Lucy Wilska | Wójt Paweł Kozioł / Ksiądz Piotr Kozioł | Jakub ""Kusy"" Sokołowski | Michałowa, gospodyni księdza | Stacho Japycz, mąż Michałowej | Arkadiusz Czerepach | Andrzej Więcławski | Halina Kozioł, żona wójta | Doktor Mieczysław Wezół | Wiesława Oleś, dyrektorka szkoły | Polonista Tomasz Witebski | Patryk Pietrek | Jola Pietrek | Fabian Duda | Kazimiera Solejukowa | Maciej Solejuk | Klaudia Kozioł, córka senatora | Zofia Steć, babka zielarka | Barmanka Wioletka Kotecka | Policjant Stasiek Kotecki | Księgowa Leokadia Czerepach / Księgowa Leokadia Paciorek | Dorotka, córka Lucy i ""Kusego"" | Marianek Solejuk | Kasia Solejuk | Syn Solejuków | Krystyna Więcławska | Dorota Wezółowa | Ksiądz Wikary Robert"
"46",4,46,"Dzieci śmieci",8.6,482,48,"Lucy Wilska | Wójt Paweł Kozioł / Ksiądz Piotr Kozioł | Jakub ""Kusy"" Sokołowski | Michałowa, gospodyni księdza | Stacho Japycz, mąż Michałowej | Arkadiusz Czerepach | Klaudia Kozioł, córka senatora | Księgowa Leokadia Czerepach / Księgowa Leokadia Paciorek | Doktor Mieczysław Wezół | Policjant Stasiek Kotecki | Halina Kozioł, żona wójta | Tadeusz Hadziuk | Jola Pietrek | Patryk Pietrek | Kazimiera Solejukowa | Celina Hadziukowa | Wiesława Oleś, dyrektorka szkoły | Barmanka Wioletka Kotecka | Zofia Steć, babka zielarka | Polonista Tomasz Witebski | Dorotka, córka Lucy i ""Kusego"" | Krystyna Więcławska | Ksiądz Wikary Robert"
"47",4,47,"W samo popołudnie",9.2,720,48,"Lucy Wilska | Wójt Paweł Kozioł / Ksiądz Piotr Kozioł | Jakub ""Kusy"" Sokołowski | Michałowa, gospodyni księdza | Stacho Japycz, mąż Michałowej | Arkadiusz Czerepach | Kazimiera Solejukowa | Celina Hadziukowa | Barmanka Wioletka Kotecka | Polonista Tomasz Witebski | Księgowa Leokadia Czerepach / Księgowa Leokadia Paciorek | Fabian Duda | Patryk Pietrek | Tadeusz Hadziuk | Maciej Solejuk | Doktor Mieczysław Wezół | Andrzej Więcławski | Wiesława Oleś, dyrektorka szkoły | Halina Kozioł, żona wójta | Jola Pietrek | Zofia Steć, babka zielarka | Policjant Stasiek Kotecki | Marianek Solejuk | Kasia Solejuk | Syn Solejuków | Dorotka, córka Lucy i ""Kusego"" | Krystyna Więcławska | Dorota Wezółowa"
"48",4,48,"Bohaterski strajk",8.6,488,48,"Lucy Wilska | Wójt Paweł Kozioł / Ksiądz Piotr Kozioł | Jakub ""Kusy"" Sokołowski | Michałowa, gospodyni księdza | Stacho Japycz, mąż Michałowej | Arkadiusz Czerepach | Wiesława Oleś, dyrektorka szkoły | Doktor Mieczysław Wezół | Polonista Tomasz Witebski | Patryk Pietrek | Tadeusz Hadziuk | Maciej Solejuk | Księgowa Leokadia Czerepach / Księgowa Leokadia Paciorek | Kazimiera Solejukowa | Halina Kozioł, żona wójta | Fabian Duda | Policjant Stasiek Kotecki | Jola Pietrek | Marianek Solejuk | Kasia Solejuk | Syn Solejuków"
"49",4,49,"Debata",8.8,505,48,"Lucy Wilska | Wójt Paweł Kozioł / Ksiądz Piotr Kozioł | Jakub ""Kusy"" Sokołowski | Michałowa, gospodyni księdza | Stacho Japycz, mąż Michałowej | Arkadiusz Czerepach | Zofia Steć, babka zielarka | Patryk Pietrek | Maciej Solejuk | Tadeusz Hadziuk | Barmanka Wioletka Kotecka | Polonista Tomasz Witebski | Policjant Stasiek Kotecki | Księgowa Leokadia Czerepach / Księgowa Leokadia Paciorek | Fabian Duda | Halina Kozioł, żona wójta | Jola Pietrek | Doktor Mieczysław Wezół | Klaudia Kozioł, córka senatora | Kazimiera Solejukowa | Celina Hadziukowa | Wiesława Oleś, dyrektorka szkoły | Marianek Solejuk | Kasia Solejuk | Syn Solejuków | Dorotka, córka Lucy i ""Kusego"" | Krystyna Więcławska | Dorota Wezółowa"
"50",4,50,"Kontratak",8.7,495,48,"Lucy Wilska | Wójt Paweł Kozioł / Ksiądz Piotr Kozioł | Jakub ""Kusy"" Sokołowski | Michałowa, gospodyni księdza | Arkadiusz Czerepach | Halina Kozioł, żona wójta | Polonista Tomasz Witebski | Fabian Duda | Zofia Steć, babka zielarka | Księgowa Leokadia Czerepach / Księgowa Leokadia Paciorek | Patryk Pietrek | Jola Pietrek | Ksiądz Wikary Robert | Kazimiera Solejukowa | Krystyna Więcławska | Celina Hadziukowa | Maciej Solejuk | Marianek Solejuk | Kasia Solejuk | Syn Solejuków | Dorotka, córka Lucy i ""Kusego"""
"51",4,51,"Fałszerze uczuć",8.6,491,48,"Lucy Wilska | Wójt Paweł Kozioł / Ksiądz Piotr Kozioł | Jakub ""Kusy"" Sokołowski | Michałowa, gospodyni księdza | Stacho Japycz, mąż Michałowej | Arkadiusz Czerepach | Patryk Pietrek | Policjant Stasiek Kotecki | Księgowa Leokadia Czerepach / Księgowa Leokadia Paciorek | Kazimiera Solejukowa | Celina Hadziukowa | Tadeusz Hadziuk | Barmanka Wioletka Kotecka | Maciej Solejuk | Polonista Tomasz Witebski | Doktor Mieczysław Wezół | Wiesława Oleś, dyrektorka szkoły | Fabian Duda | Halina Kozioł, żona wójta | Marianek Solejuk | Kasia Solejuk | Syn Solejuków | Dorotka, córka Lucy i ""Kusego"" | Krystyna Więcławska | Ksiądz Wikary Robert | Dorota Wezółowa"
"52",4,52,"Zemsta i wybaczenie",8.9,542,49,"Lucy Wilska | Wójt Paweł Kozioł / Ksiądz Piotr Kozioł | Jakub ""Kusy"" Sokołowski | Michałowa, gospodyni księdza | Stacho Japycz, mąż Michałowej | Arkadiusz Czerepach | Księgowa Leokadia Czerepach / Księgowa Leokadia Paciorek | Klaudia Kozioł, córka senatora | Halina Kozioł, żona wójta | Barmanka Wioletka Kotecka | Patryk Pietrek | Ksiądz Wikary Robert | Wiesława Oleś, dyrektorka szkoły | Doktor Mieczysław Wezół | Dorota Wezółowa | Kazimiera Solejukowa | Krystyna Więcławska | Fabian Duda | Maciej Solejuk | Tadeusz Hadziuk | Celina Hadziukowa | Policjant Stasiek Kotecki | Polonista Tomasz Witebski | Andrzej Więcławski | Zofia Steć, babka zielarka | Jola Pietrek | Dorotka, córka Lucy i ""Kusego"""
"53",5,53,"Msza obywatelska",8.2,521,44,"Lucy Wilska | Wójt Paweł Kozioł / Ksiądz Piotr Kozioł | Jakub ""Kusy"" Sokołowski | Michałowa, gospodyni księdza | Stacho Japycz, mąż Michałowej | Arkadiusz Czerepach | Księgowa Leokadia Czerepach / Księgowa Leokadia Paciorek | Halina Kozioł, żona wójta | Barmanka Wioletka Kotecka | Policjant Stasiek Kotecki | Patryk Pietrek | Maciej Solejuk | Tadeusz Hadziuk | Kazimiera Solejukowa | Celina Hadziukowa | Andrzej Więcławski | Polonista Tomasz Witebski | Doktor Mieczysław Wezół | Wiesława Oleś, dyrektorka szkoły | Zofia Steć, babka zielarka | Fabian Duda | Jola Pietrek | Radny Myćko | Dorotka, córka Lucy i ""Kusego"" | Dorotka, córka Lucy i ""Kusego"" | Krystyna Więcławska | Ksiądz Wikary Robert"
"54",5,54,"Czysty biznes",8.3,500,45,"Lucy Wilska | Wójt Paweł Kozioł / Ksiądz Piotr Kozioł | Jakub ""Kusy"" Sokołowski | Michałowa, gospodyni księdza | Stacho Japycz, mąż Michałowej | Arkadiusz Czerepach | Halina Kozioł, żona wójta | Klaudia Kozioł, córka senatora | Księgowa Leokadia Czerepach / Księgowa Leokadia Paciorek | Barmanka Wioletka Kotecka | Policjant Stasiek Kotecki | Patryk Pietrek | Maciej Solejuk | Kazimiera Solejukowa | Tadeusz Hadziuk | Polonista Tomasz Witebski | Ksiądz Wikary Robert | Krystyna Więcławska | Andrzej Więcławski | Radny Myćko | Kasia Solejuk | Dorotka, córka Lucy i ""Kusego"" | Dorotka, córka Lucy i ""Kusego"""
"55",5,55,"Wielki powrót",8.3,487,46,"Lucy Wilska | Wójt Paweł Kozioł / Ksiądz Piotr Kozioł | Jakub ""Kusy"" Sokołowski | Michałowa, gospodyni księdza | Stacho Japycz, mąż Michałowej | Arkadiusz Czerepach | Halina Kozioł, żona wójta | Księgowa Leokadia Czerepach / Księgowa Leokadia Paciorek | Fabian Duda | Barmanka Wioletka Kotecka | Wiesława Oleś, dyrektorka szkoły | Doktor Mieczysław Wezół | Policjant Stasiek Kotecki | Maciej Solejuk | Kazimiera Solejukowa | Tadeusz Hadziuk | Celina Hadziukowa | Ksiądz Wikary Robert | Krystyna Więcławska | Farmaceuta Ryszard Polakowski | Radny Myćko | Kasia Solejuk | Syn Solejuków | Dorotka, córka Lucy i ""Kusego"" | Dorotka, córka Lucy i ""Kusego"""
"56",5,56,"Amerykańska baza",8.4,491,45,"Lucy Wilska | Wójt Paweł Kozioł / Ksiądz Piotr Kozioł | Jakub ""Kusy"" Sokołowski | Michałowa, gospodyni księdza | Stacho Japycz, mąż Michałowej | Halina Kozioł, żona wójta | Księgowa Leokadia Czerepach / Księgowa Leokadia Paciorek | Wiesława Oleś, dyrektorka szkoły | Doktor Mieczysław Wezół | Dorota Wezółowa | Policjant Stasiek Kotecki | Maciej Solejuk | Kazimiera Solejukowa | Tadeusz Hadziuk | Celina Hadziukowa | Ksiądz Wikary Robert | Krystyna Więcławska | Andrzej Więcławski | Patryk Pietrek | Jola Pietrek | Dorotka, córka Lucy i ""Kusego"" | Dorotka, córka Lucy i ""Kusego"" | Jagna Nowak"
"57",5,57,"Człowiek z Rio",8.4,482,45,"Lucy Wilska | Wójt Paweł Kozioł / Ksiądz Piotr Kozioł | Jakub ""Kusy"" Sokołowski | Michałowa, gospodyni księdza | Stacho Japycz, mąż Michałowej | Arkadiusz Czerepach | Księgowa Leokadia Czerepach / Księgowa Leokadia Paciorek | Doktor Mieczysław Wezół | Maciej Solejuk | Tadeusz Hadziuk | Patryk Pietrek | Fabian Duda | Halina Kozioł, żona wójta | Klaudia Kozioł, córka senatora | Barmanka Wioletka Kotecka | Farmaceuta Ryszard Polakowski | Jagna Nowak | Kazimiera Solejukowa | Ksiądz Wikary Robert"
"58",5,58,"Obcy Krajowcy",8.5,482,45,"Lucy Wilska | Wójt Paweł Kozioł / Ksiądz Piotr Kozioł | Jakub ""Kusy"" Sokołowski | Michałowa, gospodyni księdza | Stacho Japycz, mąż Michałowej | Arkadiusz Czerepach | Kazimiera Solejukowa | Krystyna Więcławska | Andrzej Więcławski | Celina Hadziukowa | Maciej Solejuk | Tadeusz Hadziuk | Policjant Stasiek Kotecki | Klaudia Kozioł, córka senatora | Fabian Duda | Barmanka Wioletka Kotecka | Patryk Pietrek | Polonista Tomasz Witebski | Jagna Nowak | Kinga, córka Grażyny | Francesca Andreoni"
"59",5,59,"Doktor Wezół",8.5,509,46,"Lucy Wilska | Wójt Paweł Kozioł / Ksiądz Piotr Kozioł | Jakub ""Kusy"" Sokołowski | Stacho Japycz, mąż Michałowej | Halina Kozioł, żona wójta | Doktor Mieczysław Wezół | Dorota Wezółowa | Dorotka, córka Lucy i ""Kusego"" | Dorotka, córka Lucy i ""Kusego"" | Farmaceuta Ryszard Polakowski | Arkadiusz Czerepach | Maciej Solejuk | Tadeusz Hadziuk | Patryk Pietrek | Polonista Tomasz Witebski | Jagna Nowak | Kinga, córka Grażyny | Francesca Andreoni"
"60",5,60,"Włoski rozłącznik",8.4,467,46,"Lucy Wilska | Wójt Paweł Kozioł / Ksiądz Piotr Kozioł | Jakub ""Kusy"" Sokołowski | Michałowa, gospodyni księdza | Stacho Japycz, mąż Michałowej | Doktor Mieczysław Wezół | Dorotka, córka Lucy i ""Kusego"" | Dorotka, córka Lucy i ""Kusego"" | Farmaceuta Ryszard Polakowski | Arkadiusz Czerepach | Maciej Solejuk | Tadeusz Hadziuk | Patryk Pietrek | Polonista Tomasz Witebski | Jagna Nowak | Kinga, córka Grażyny | Francesca Andreoni | Policjant Stasiek Kotecki | Klaudia Kozioł, córka senatora | Zofia Steć, babka zielarka | Księgowa Leokadia Czerepach / Księgowa Leokadia Paciorek | Jola Pietrek | Kazimiera Solejukowa | Andrzej Więcławski | Wiesława Oleś, dyrektorka szkoły | Barmanka Wioletka Kotecka | Ksiądz Wikary Robert"
"61",5,61,"Honor i zęby trzonowe",8.4,466,46,"Lucy Wilska | Wójt Paweł Kozioł / Ksiądz Piotr Kozioł | Jakub ""Kusy"" Sokołowski | Michałowa, gospodyni księdza | Stacho Japycz, mąż Michałowej | Celina Hadziukowa | Tadeusz Hadziuk | Polonista Tomasz Witebski | Doktor Mieczysław Wezół | Farmaceuta Ryszard Polakowski | Zofia Steć, babka zielarka | Fabian Duda | Ksiądz Wikary Robert | Krystyna Więcławska | Kazimiera Solejukowa | Andrzej Więcławski | Maciej Solejuk | Patryk Pietrek | Jola Pietrek | Barmanka Wioletka Kotecka | Kinga, córka Grażyny"
"62",5,62,"Przymus rekreacji",8.4,462,46,"Lucy Wilska | Wójt Paweł Kozioł / Ksiądz Piotr Kozioł | Jakub ""Kusy"" Sokołowski | Michałowa, gospodyni księdza | Stacho Japycz, mąż Michałowej | Arkadiusz Czerepach | Księgowa Leokadia Czerepach / Księgowa Leokadia Paciorek | Halina Kozioł, żona wójta | Fabian Duda | Patryk Pietrek | Jola Pietrek | Krystyna Więcławska | Policjant Stasiek Kotecki | Maciej Solejuk | Tadeusz Hadziuk | Ksiądz Wikary Robert | Zofia Steć, babka zielarka | Barmanka Wioletka Kotecka | Wiesława Oleś, dyrektorka szkoły | Celina Hadziukowa | Kazimiera Solejukowa | Doktor Mieczysław Wezół | Andrzej Więcławski | Radny Myćko | Farmaceuta Ryszard Polakowski | Kinga, córka Grażyny | Kasia Solejuk | Syn Solejuków"
"63",5,63,"Przewroty kopernikańskie",8.5,459,46,"Lucy Wilska | Wójt Paweł Kozioł / Ksiądz Piotr Kozioł | Jakub ""Kusy"" Sokołowski | Stacho Japycz, mąż Michałowej | Arkadiusz Czerepach | Księgowa Leokadia Czerepach / Księgowa Leokadia Paciorek | Halina Kozioł, żona wójta | Klaudia Kozioł, córka senatora | Fabian Duda | Kazimiera Solejukowa | Polonista Tomasz Witebski | Policjant Stasiek Kotecki | Barmanka Wioletka Kotecka | Ksiądz Wikary Robert | Patryk Pietrek | Maciej Solejuk | Tadeusz Hadziuk | Radny Myćko | Kinga, córka Grażyny | Dorotka, córka Lucy i ""Kusego"" | Dorotka, córka Lucy i ""Kusego"""
"64",5,64,"Nad Solejuków i Wargaczów domem",8.4,478,46,"Lucy Wilska | Wójt Paweł Kozioł / Ksiądz Piotr Kozioł | Jakub ""Kusy"" Sokołowski | Michałowa, gospodyni księdza | Stacho Japycz, mąż Michałowej | Arkadiusz Czerepach | Kazimiera Solejukowa | Maciej Solejuk | Księgowa Leokadia Czerepach / Księgowa Leokadia Paciorek | Halina Kozioł, żona wójta | Policjant Stasiek Kotecki | Patryk Pietrek | Jola Pietrek | Klaudia Kozioł, córka senatora | Fabian Duda | Tadeusz Hadziuk | Celina Hadziukowa | Doktor Mieczysław Wezół | Barmanka Wioletka Kotecka | Andrzej Więcławski | Wargacz | Wargaczowa | Kinga, córka Grażyny | Kasia Solejuk | Szymek Solejuk | Marianek Solejuk | Syn Solejuków | Ksiądz Wikary Robert | Dorota Wezółowa | Krystyna Więcławska"
"65",5,65,"Pakt z czartem",8.6,467,45,"Lucy Wilska | Wójt Paweł Kozioł / Ksiądz Piotr Kozioł | Jakub ""Kusy"" Sokołowski | Michałowa, gospodyni księdza | Stacho Japycz, mąż Michałowej | Arkadiusz Czerepach | Księgowa Leokadia Czerepach / Księgowa Leokadia Paciorek | Halina Kozioł, żona wójta | Polonista Tomasz Witebski | Kazimiera Solejukowa | Maciej Solejuk | Andrzej Więcławski | Doktor Mieczysław Wezół | Patryk Pietrek | Jola Pietrek | Tadeusz Hadziuk | Celina Hadziukowa | Wiesława Oleś, dyrektorka szkoły | Klaudia Kozioł, córka senatora | Fabian Duda | Policjant Stasiek Kotecki | Barmanka Wioletka Kotecka | Kinga, córka Grażyny | Francesca Andreoni | Radny Myćko | Myćkowa | Syn Solejuków | Dorotka, córka Lucy i ""Kusego"" | Dorotka, córka Lucy i ""Kusego"" | Ksiądz Wikary Robert | Krystyna Więcławska | Dorota Wezółowa"
"66",6,66,"Szlifierze diamentów",8.4,474,44,"Lucy Wilska | Wójt Paweł Kozioł / Ksiądz Piotr Kozioł | Jakub ""Kusy"" Sokołowski | Michałowa, gospodyni księdza | Stacho Japycz, mąż Michałowej | Arkadiusz Czerepach | Halina Kozioł, żona wójta | Maciej Solejuk | Tadeusz Hadziuk | Patryk Pietrek | Policjant Stasiek Kotecki | Wiesława Oleś, dyrektorka szkoły | Kinga, córka Grażyny | Księgowa Leokadia Czerepach / Księgowa Leokadia Paciorek | Ksiądz Maciej | Barmanka Wioletka Kotecka | Dorotka, córka Lucy i ""Kusego"" | Dorotka, córka Lucy i ""Kusego"""
"67",6,67,"Kozi róg",8.3,464,44,"Lucy Wilska | Wójt Paweł Kozioł / Ksiądz Piotr Kozioł | Jakub ""Kusy"" Sokołowski | Michałowa, gospodyni księdza | Stacho Japycz, mąż Michałowej | Arkadiusz Czerepach | Halina Kozioł, żona wójta | Klaudia Kozioł, córka senatora | Fabian Duda | Jola Pietrek | Patryk Pietrek | Kazimiera Solejukowa | Francesca Andreoni | Ksiądz Maciej | Polonista Tomasz Witebski | Kinga, córka Grażyny | Wiesława Oleś, dyrektorka szkoły | Maciej Solejuk | Tadeusz Hadziuk | Andrzej Więcławski | Myćkowa | Wargaczowa | Zosia | Dorotka, córka Lucy i ""Kusego"" | Dorotka, córka Lucy i ""Kusego"""
"68",6,68,"Narracja negacji",8.5,457,44,"Lucy Wilska | Wójt Paweł Kozioł / Ksiądz Piotr Kozioł | Jakub ""Kusy"" Sokołowski | Michałowa, gospodyni księdza | Stacho Japycz, mąż Michałowej | Arkadiusz Czerepach | Halina Kozioł, żona wójta | Celina Hadziukowa | Jola Pietrek | Patryk Pietrek | Andrzej Więcławski | Polonista Tomasz Witebski | Kinga, córka Grażyny | Kazimiera Solejukowa | Wiesława Oleś, dyrektorka szkoły | Klaudia Kozioł, córka senatora | Farmaceuta Ryszard Polakowski | Zofia Steć, babka zielarka | Tadeusz Hadziuk | Maciej Solejuk | Ksiądz Maciej | Myćkowa | Wargaczowa | Zosia | Dorotka, córka Lucy i ""Kusego"" | Dorotka, córka Lucy i ""Kusego"" | Krystyna Więcławska"
"69",6,69,"Wiatr w żaglach",8.4,449,43,"Lucy Wilska | Wójt Paweł Kozioł / Ksiądz Piotr Kozioł | Jakub ""Kusy"" Sokołowski | Michałowa, gospodyni księdza | Stacho Japycz, mąż Michałowej | Arkadiusz Czerepach | Farmaceuta Ryszard Polakowski | Policjant Stasiek Kotecki | Barmanka Wioletka Kotecka | Kazimiera Solejukowa | Celina Hadziukowa | Kinga, córka Grażyny | Ksiądz Maciej | Maciej Solejuk | Zofia Steć, babka zielarka | Andrzej Więcławski | Patryk Pietrek | Tadeusz Hadziuk | Jagna Nowak | Jola Pietrek | Myćkowa | Wargaczowa | Zosia | Wiesława Oleś, dyrektorka szkoły | Dorotka, córka Lucy i ""Kusego"" | Dorotka, córka Lucy i ""Kusego"" | Krystyna Więcławska"
"70",6,70,"Seks nocy letniej",8.3,448,43,"Lucy Wilska | Wójt Paweł Kozioł / Ksiądz Piotr Kozioł | Jakub ""Kusy"" Sokołowski | Michałowa, gospodyni księdza | Stacho Japycz, mąż Michałowej | Arkadiusz Czerepach | Halina Kozioł, żona wójta | Księgowa Leokadia Czerepach / Księgowa Leokadia Paciorek | Zofia Steć, babka zielarka | Andrzej Więcławski | Farmaceuta Ryszard Polakowski | Kazimiera Solejukowa | Maciej Solejuk | Celina Hadziukowa | Tadeusz Hadziuk | Myćkowa | Radny Myćko | Wargaczowa | Wargacz | Zosia | Klaudia Kozioł, córka senatora | Fabian Duda | Jagna Nowak | Barmanka Wioletka Kotecka | Patryk Pietrek | Marianek Solejuk | Dorotka, córka Lucy i ""Kusego"" | Dorotka, córka Lucy i ""Kusego"" | Kinga, córka Grażyny | Krystyna Więcławska | Dorota Wezółowa"
"71",6,71,"Dzieci rewolucji",8.2,444,43,"Lucy Wilska | Wójt Paweł Kozioł / Ksiądz Piotr Kozioł | Jakub ""Kusy"" Sokołowski | Michałowa, gospodyni księdza | Stacho Japycz, mąż Michałowej | Arkadiusz Czerepach | Kazimiera Solejukowa | Maciej Solejuk | Tadeusz Hadziuk | Kinga, córka Grażyny | Krystyna Więcławska | Celina Hadziukowa | Barmanka Wioletka Kotecka | Księgowa Leokadia Czerepach / Księgowa Leokadia Paciorek | Halina Kozioł, żona wójta | Wiesława Oleś, dyrektorka szkoły | Farmaceuta Ryszard Polakowski | Ksiądz Maciej | Klaudia Kozioł, córka senatora | Fabian Duda | Francesca Andreoni | Polonista Tomasz Witebski | Jola Pietrek | Patryk Pietrek | Marianek Solejuk | Dorotka, córka Lucy i ""Kusego"" | Dorotka, córka Lucy i ""Kusego"""
"72",6,72,"Przeciek kontrolowany",8.2,429,43,"Lucy Wilska | Wójt Paweł Kozioł / Ksiądz Piotr Kozioł | Jakub ""Kusy"" Sokołowski | Michałowa, gospodyni księdza | Stacho Japycz, mąż Michałowej | Arkadiusz Czerepach | Celina Hadziukowa | Barmanka Wioletka Kotecka | Wiesława Oleś, dyrektorka szkoły | Polonista Tomasz Witebski | Klaudia Kozioł, córka senatora | Policjant Stasiek Kotecki | Kazimiera Solejukowa | Francesca Andreoni | Księgowa Leokadia Czerepach / Księgowa Leokadia Paciorek | Halina Kozioł, żona wójta | Maciej Solejuk | Tadeusz Hadziuk | Zofia Steć, babka zielarka | Kinga, córka Grażyny | Patryk Pietrek | Jola Pietrek | Doktor Mieczysław Wezół | Ksiądz Maciej | Syn Solejuków | Myćkowa | Wargaczowa | Wargacz | Zosia | Krystyna Więcławska"
"73",6,73,"Świadek koronny",8.2,439,43,"Lucy Wilska | Wójt Paweł Kozioł / Ksiądz Piotr Kozioł | Jakub ""Kusy"" Sokołowski | Michałowa, gospodyni księdza | Stacho Japycz, mąż Michałowej | Arkadiusz Czerepach | Doktor Mieczysław Wezół | Jagna Nowak | Kinga, córka Grażyny | Kazimiera Solejukowa | Maciej Solejuk | Tadeusz Hadziuk | Patryk Pietrek | Księgowa Leokadia Czerepach / Księgowa Leokadia Paciorek | Policjant Stasiek Kotecki | Klaudia Kozioł, córka senatora | Halina Kozioł, żona wójta | Barmanka Wioletka Kotecka | Zofia Steć, babka zielarka | Myćkowa | Wargaczowa | Zosia | Syn Solejuków | Dorotka, córka Lucy i ""Kusego"" | Dorotka, córka Lucy i ""Kusego"" | Dorota Wezółowa"
"74",6,74,"Sztuka translacji",8.5,432,43,"Lucy Wilska | Wójt Paweł Kozioł / Ksiądz Piotr Kozioł | Jakub ""Kusy"" Sokołowski | Michałowa, gospodyni księdza | Arkadiusz Czerepach | Francesca Andreoni | Wargacz | Wargaczowa | Kazimiera Solejukowa | Policjant Stasiek Kotecki | Klaudia Kozioł, córka senatora | Fabian Duda | Radny Myćko | Myćkowa | Polonista Tomasz Witebski | Księgowa Leokadia Czerepach / Księgowa Leokadia Paciorek | Krystyna Więcławska | Celina Hadziukowa | Barmanka Wioletka Kotecka | Dorota Wezółowa | Kinga, córka Grażyny | Doktor Mieczysław Wezół | Ksiądz Maciej | Syn Solejuków"
"75",6,75,"Kontrrewolucja",8.3,423,42,"Lucy Wilska | Wójt Paweł Kozioł / Ksiądz Piotr Kozioł | Jakub ""Kusy"" Sokołowski | Michałowa, gospodyni księdza | Stacho Japycz, mąż Michałowej | Arkadiusz Czerepach | Klaudia Kozioł, córka senatora | Fabian Duda | Ksiądz Maciej | Halina Kozioł, żona wójta | Kazimiera Solejukowa | Maciej Solejuk | Doktor Mieczysław Wezół | Radny Myćko | Myćkowa | Wargacz | Barmanka Wioletka Kotecka | Tadeusz Hadziuk | Patryk Pietrek | Zofia Steć, babka zielarka | Policjant Stasiek Kotecki | Wiesława Oleś, dyrektorka szkoły | Księgowa Leokadia Czerepach / Księgowa Leokadia Paciorek | Wargaczowa | Zosia | Syn Solejuków | Dorotka, córka Lucy i ""Kusego"" | Dorotka, córka Lucy i ""Kusego"" | Krystyna Więcławska"
"76",6,76,"Tchnienie Las Vegas",8.3,418,43,"Lucy Wilska | Wójt Paweł Kozioł / Ksiądz Piotr Kozioł | Jakub ""Kusy"" Sokołowski | Michałowa, gospodyni księdza | Stacho Japycz, mąż Michałowej | Arkadiusz Czerepach | Halina Kozioł, żona wójta | Księgowa Leokadia Czerepach / Księgowa Leokadia Paciorek | Wiesława Oleś, dyrektorka szkoły | Polonista Tomasz Witebski | Krystyna Więcławska | Doktor Mieczysław Wezół | Jagna Nowak | Ksiądz Maciej | Tadeusz Hadziuk | Patryk Pietrek | Maciej Solejuk | Jola Pietrek | Klaudia Kozioł, córka senatora | Andrzej Więcławski | Policjant Stasiek Kotecki | Francesca Andreoni | Kinga, córka Grażyny | Kazimiera Solejukowa | Radny Myćko | Wargacz | Myćkowa | Barmanka Wioletka Kotecka | Wargaczowa | Zosia | Dorotka, córka Lucy i ""Kusego"" | Dorotka, córka Lucy i ""Kusego"""
"77",6,77,"Przywódce",8.4,412,43,"Lucy Wilska | Wójt Paweł Kozioł / Ksiądz Piotr Kozioł | Jakub ""Kusy"" Sokołowski | Michałowa, gospodyni księdza | Stacho Japycz, mąż Michałowej | Arkadiusz Czerepach | Celina Hadziukowa | Tadeusz Hadziuk | Radny Myćko | Maciej Solejuk | Andrzej Więcławski | Polonista Tomasz Witebski | Barmanka Wioletka Kotecka | Księgowa Leokadia Czerepach / Księgowa Leokadia Paciorek | Wiesława Oleś, dyrektorka szkoły | Wargacz | Farmaceuta Ryszard Polakowski | Kinga, córka Grażyny | Klaudia Kozioł, córka senatora | Ksiądz Maciej | Patryk Pietrek | Fabian Duda | Krystyna Więcławska"
"78",6,78,"Poród amatorski",8.4,411,43,"Lucy Wilska | Wójt Paweł Kozioł / Ksiądz Piotr Kozioł | Jakub ""Kusy"" Sokołowski | Michałowa, gospodyni księdza | Stacho Japycz, mąż Michałowej | Arkadiusz Czerepach | Barmanka Wioletka Kotecka | Policjant Stasiek Kotecki | Wiesława Oleś, dyrektorka szkoły | Maciej Solejuk | Radny Myćko | Wargacz | Francesca Andreoni | Ksiądz Maciej | Zofia Steć, babka zielarka | Myćkowa | Wargaczowa | Zosia | Doktor Mieczysław Wezół | Kazimiera Solejukowa | Księgowa Leokadia Czerepach / Księgowa Leokadia Paciorek | Halina Kozioł, żona wójta | Fabian Duda | Polonista Tomasz Witebski | Klaudia Kozioł, córka senatora | Kinga, córka Grażyny | Celina Hadziukowa | Tadeusz Hadziuk | Krystyna Więcławska | Andrzej Więcławski | Jagna Nowak | Patryk Pietrek | Dorotka, córka Lucy i ""Kusego"" | Dorotka, córka Lucy i ""Kusego"""
"79",7,79,"Wielbicielka z Warszawy",8.1,446,43,"Lucy Wilska | Wójt Paweł Kozioł / Ksiądz Piotr Kozioł | Jakub ""Kusy"" Sokołowski | Michałowa, gospodyni księdza | Stacho Japycz, mąż Michałowej | Arkadiusz Czerepach | Halina Kozioł, żona wójta | Ksiądz Maciej | Kinga, córka Grażyny | Patryk Pietrek | Jola Pietrek | Maciej Solejuk | Tadeusz Hadziuk | Wargacz | Radny Myćko | Doktor Mieczysław Wezół | Zofia Steć, babka zielarka | Dorotka, córka Lucy i ""Kusego"" | Dorotka, córka Lucy i ""Kusego"""
"80",7,80,"Potęga immunitetu",8.3,435,44,"Lucy Wilska | Wójt Paweł Kozioł / Ksiądz Piotr Kozioł | Jakub ""Kusy"" Sokołowski | Michałowa, gospodyni księdza | Stacho Japycz, mąż Michałowej | Arkadiusz Czerepach | Doktor Mieczysław Wezół | Ksiądz Maciej | Kazimiera Solejukowa | Maciej Solejuk | Kinga, córka Grażyny | Patryk Pietrek | Jola Pietrek | Barmanka Wioletka Kotecka | Wargacz | Radny Myćko | Księgowa Leokadia Czerepach / Księgowa Leokadia Paciorek | Tadeusz Hadziuk | Celina Hadziukowa | Policjant Stasiek Kotecki | Dorotka, córka Lucy i ""Kusego"" | Dorotka, córka Lucy i ""Kusego"" | Monika Korczab | Krystyna Więcławska"
"81",7,81,"Podróż w czasie",8.2,425,45,"Lucy Wilska | Wójt Paweł Kozioł / Ksiądz Piotr Kozioł | Jakub ""Kusy"" Sokołowski | Michałowa, gospodyni księdza | Stacho Japycz, mąż Michałowej | Arkadiusz Czerepach | Halina Kozioł, żona wójta | Księgowa Leokadia Czerepach / Księgowa Leokadia Paciorek | Maciej Solejuk | Wargacz | Ksiądz Maciej | Tadeusz Hadziuk | Patryk Pietrek | Klaudia Kozioł, córka senatora | Jola Pietrek | Łukasz | Kinga, córka Grażyny | Fabian Duda | Doktor Mieczysław Wezół | Radny Myćko | Polonista Tomasz Witebski | Francesca Andreoni | Dorotka, córka Lucy i ""Kusego"" | Dorotka, córka Lucy i ""Kusego"" | Monika Korczab"
"82",7,82,"Tchnienie antyklerykalizmu",8.3,425,44,"Lucy Wilska | Wójt Paweł Kozioł / Ksiądz Piotr Kozioł | Jakub ""Kusy"" Sokołowski | Michałowa, gospodyni księdza | Stacho Japycz, mąż Michałowej | Arkadiusz Czerepach | Kinga, córka Grażyny | Monika Korczab | Halina Kozioł, żona wójta | Klaudia Kozioł, córka senatora | Księgowa Leokadia Czerepach / Księgowa Leokadia Paciorek | Radny Myćko | Łukasz | Fabian Duda | Krystyna Więcławska | Kazimiera Solejukowa | Wiesława Oleś, dyrektorka szkoły | Maciej Solejuk | Tadeusz Hadziuk | Patryk Pietrek | Celina Hadziukowa | Policjant Stasiek Kotecki | Francesca Andreoni | Dorotka, córka Lucy i ""Kusego"" | Dorotka, córka Lucy i ""Kusego"" | Ksiądz Maciej"
"83",7,83,"Model życia artysty",8.2,425,44,"Lucy Wilska | Wójt Paweł Kozioł / Ksiądz Piotr Kozioł | Jakub ""Kusy"" Sokołowski | Michałowa, gospodyni księdza | Stacho Japycz, mąż Michałowej | Arkadiusz Czerepach | Monika Korczab | Ksiądz Maciej | Farmaceuta Ryszard Polakowski | Kazimiera Solejukowa | Maciej Solejuk | Klaudia Kozioł, córka senatora | Łukasz | Halina Kozioł, żona wójta | Fabian Duda | Kinga, córka Grażyny | Tadeusz Hadziuk | Dorota Wezółowa | Patryk Pietrek | Kasia Solejuk | Marianek Solejuk | Syn Solejuków | Dorotka, córka Lucy i ""Kusego"" | Dorotka, córka Lucy i ""Kusego"""
"84",7,84,"Słowo senatora",8.2,416,44,"Lucy Wilska | Wójt Paweł Kozioł / Ksiądz Piotr Kozioł | Jakub ""Kusy"" Sokołowski | Michałowa, gospodyni księdza | Stacho Japycz, mąż Michałowej | Arkadiusz Czerepach | Monika Korczab | Kinga, córka Grażyny | Halina Kozioł, żona wójta | Klaudia Kozioł, córka senatora | Łukasz | Ksiądz Maciej | Polonista Tomasz Witebski | Maciej Solejuk | Tadeusz Hadziuk | Patryk Pietrek | Farmaceuta Ryszard Polakowski | Zofia Steć, babka zielarka | Jola Pietrek | Barmanka Wioletka Kotecka | Policjant Stasiek Kotecki | Fabian Duda | Dorotka, córka Lucy i ""Kusego"" | Dorotka, córka Lucy i ""Kusego"""
"85",7,85,"Pojedynek czarownic",8.2,425,44,"Lucy Wilska | Wójt Paweł Kozioł / Ksiądz Piotr Kozioł | Jakub ""Kusy"" Sokołowski | Michałowa, gospodyni księdza | Stacho Japycz, mąż Michałowej | Arkadiusz Czerepach | Monika Korczab | Zofia Steć, babka zielarka | Halina Kozioł, żona wójta | Klaudia Kozioł, córka senatora | Łukasz | Kazimiera Solejukowa | Maciej Solejuk | Radny Myćko | Farmaceuta Ryszard Polakowski | Ksiądz Maciej | Kinga, córka Grażyny | Tadeusz Hadziuk | Patryk Pietrek | Fabian Duda | Celina Hadziukowa | Kasia Solejuk | Marianek Solejuk | Syn Solejuków | Dorotka, córka Lucy i ""Kusego"" | Dorotka, córka Lucy i ""Kusego"""
"86",7,86,"Droga na szczyt",8.2,405,43,"Lucy Wilska | Wójt Paweł Kozioł / Ksiądz Piotr Kozioł | Jakub ""Kusy"" Sokołowski | Michałowa, gospodyni księdza | Stacho Japycz, mąż Michałowej | Arkadiusz Czerepach | Monika Korczab | Kinga, córka Grażyny | Barmanka Wioletka Kotecka | Kazimiera Solejukowa | Celina Hadziukowa | Krystyna Więcławska | Jola Pietrek | Patryk Pietrek | Farmaceuta Ryszard Polakowski | Halina Kozioł, żona wójta | Maciej Solejuk | Andrzej Więcławski | Tadeusz Hadziuk | Ksiądz Maciej | Dorotka, córka Lucy i ""Kusego"" | Dorotka, córka Lucy i ""Kusego"""
"87",7,87,"Ciężka ręka prawa",8.2,416,44,"Lucy Wilska | Wójt Paweł Kozioł / Ksiądz Piotr Kozioł | Jakub ""Kusy"" Sokołowski | Michałowa, gospodyni księdza | Stacho Japycz, mąż Michałowej | Arkadiusz Czerepach | Halina Kozioł, żona wójta | Polonista Tomasz Witebski | Barmanka Wioletka Kotecka | Kazimiera Solejukowa | Celina Hadziukowa | Krystyna Więcławska | Patryk Pietrek | Tadeusz Hadziuk | Fabian Duda | Ksiądz Maciej | Policjant Stasiek Kotecki | Doktor Mieczysław Wezół | Kinga, córka Grażyny | Jagna Nowak | Dorota Wezółowa | Farmaceuta Ryszard Polakowski | Francesca Andreoni | Jola Pietrek | Wiesława Oleś, dyrektorka szkoły | Dorotka, córka Lucy i ""Kusego"" | Dorotka, córka Lucy i ""Kusego"" | Klaudia Kozioł, córka senatora | Maciej Solejuk"
"88",7,88,"Koniec świata w Wilkowyjach",8.8,470,43,"Wójt Paweł Kozioł / Ksiądz Piotr Kozioł | Jakub ""Kusy"" Sokołowski | Michałowa, gospodyni księdza | Stacho Japycz, mąż Michałowej | Arkadiusz Czerepach | Kinga, córka Grażyny | Halina Kozioł, żona wójta | Klaudia Kozioł, córka senatora | Barmanka Wioletka Kotecka | Zosia | Policjant Stasiek Kotecki | Fabian Duda | Jagna Nowak | Ksiądz Maciej | Monika Korczab | Andrzej Więcławski | Maciej Solejuk | Tadeusz Hadziuk | Patryk Pietrek | Łukasz | Celina Hadziukowa | Doktor Mieczysław Wezół | Dorotka, córka Lucy i ""Kusego"" | Dorotka, córka Lucy i ""Kusego"""
"89",7,89,"Czas konspiry",8.8,455,43,"Wójt Paweł Kozioł / Ksiądz Piotr Kozioł | Jakub ""Kusy"" Sokołowski | Michałowa, gospodyni księdza | Stacho Japycz, mąż Michałowej | Arkadiusz Czerepach | Ksiądz Maciej | Halina Kozioł, żona wójta | Farmaceuta Ryszard Polakowski | Tadeusz Hadziuk | Celina Hadziukowa | Maciej Solejuk | Kazimiera Solejukowa | Patryk Pietrek | Jola Pietrek | Krystyna Więcławska | Andrzej Więcławski | Doktor Mieczysław Wezół | Dorota Wezółowa | Wiesława Oleś, dyrektorka szkoły | Policjant Stasiek Kotecki | Barmanka Wioletka Kotecka | Radny Myćko | Zofia Steć, babka zielarka | Wargacz | Kinga, córka Grażyny | Klaudia Kozioł, córka senatora | Fabian Duda | Księgowa Leokadia Czerepach / Księgowa Leokadia Paciorek | Łukasz | Dorotka, córka Lucy i ""Kusego"" | Dorotka, córka Lucy i ""Kusego"""
"90",7,90,"Trudne powroty",8.4,424,45,"Lucy Wilska | Wójt Paweł Kozioł / Ksiądz Piotr Kozioł | Jakub ""Kusy"" Sokołowski | Michałowa, gospodyni księdza | Stacho Japycz, mąż Michałowej | Arkadiusz Czerepach | Doktor Mieczysław Wezół | Barmanka Wioletka Kotecka | Policjant Stasiek Kotecki | Halina Kozioł, żona wójta | Farmaceuta Ryszard Polakowski | Tadeusz Hadziuk | Maciej Solejuk | Patryk Pietrek | Monika Korczab | Klaudia Kozioł, córka senatora | Fabian Duda | Księgowa Leokadia Czerepach / Księgowa Leokadia Paciorek | Ksiądz Maciej | Jagna Nowak | Kinga, córka Grażyny | Zofia Steć, babka zielarka | Wiesława Oleś, dyrektorka szkoły | Zosia | Dorotka, córka Lucy i ""Kusego"" | Dorotka, córka Lucy i ""Kusego"" | Dorota Wezółowa"
"91",7,91,"Droga przez stos",8.4,409,44,"Lucy Wilska | Wójt Paweł Kozioł / Ksiądz Piotr Kozioł | Jakub ""Kusy"" Sokołowski | Michałowa, gospodyni księdza | Stacho Japycz, mąż Michałowej | Arkadiusz Czerepach | Ksiądz Maciej | Kinga, córka Grażyny | Klaudia Kozioł, córka senatora | Jagna Nowak | Fabian Duda | Dorota Wezółowa | Księgowa Leokadia Czerepach / Księgowa Leokadia Paciorek | Halina Kozioł, żona wójta | Wiesława Oleś, dyrektorka szkoły | Policjant Stasiek Kotecki | Patryk Pietrek | Jola Pietrek | Tadeusz Hadziuk | Maciej Solejuk | Kazimiera Solejukowa | Andrzej Więcławski | Celina Hadziukowa | Doktor Mieczysław Wezół | Barmanka Wioletka Kotecka | Zofia Steć, babka zielarka | Radny Myćko | Syn Solejuków | Dorotka, córka Lucy i ""Kusego"" | Dorotka, córka Lucy i ""Kusego"""
"92",8,92,"Radio Mamrot",8,416,44,"Lucy Wilska | Wójt Paweł Kozioł / Ksiądz Piotr Kozioł | Jakub ""Kusy"" Sokołowski | Michałowa, gospodyni księdza | Stacho Japycz, mąż Michałowej | Arkadiusz Czerepach | Patryk Pietrek | Kinga, córka Grażyny | Halina Kozioł, żona wójta | Tadeusz Hadziuk | Maciej Solejuk | Ksiądz Maciej | Jola Pietrek | Księgowa Leokadia Czerepach / Księgowa Leokadia Paciorek | Fabian Duda | Ksiądz Wikary Robert | Doktor Mieczysław Wezół | Celina Hadziukowa | Dorotka, córka Lucy i ""Kusego"" | Dorotka, córka Lucy i ""Kusego"" | Klaudia Kozioł, córka senatora | Krystyna Więcławska"
"93",8,93,"Wykapany ojciec",8.1,391,43,"Lucy Wilska | Wójt Paweł Kozioł / Ksiądz Piotr Kozioł | Jakub ""Kusy"" Sokołowski | Michałowa, gospodyni księdza | Stacho Japycz, mąż Michałowej | Arkadiusz Czerepach | Klaudia Kozioł, córka senatora | Jagna Nowak | Fabian Duda | Halina Kozioł, żona wójta | Radny Myćko | Wargacz | Ksiądz Maciej | Ksiądz Wikary Robert | Tadeusz Hadziuk | Maciej Solejuk | Patryk Pietrek | Kinga, córka Grażyny | Doktor Mieczysław Wezół | Jola Pietrek | Policjant Stasiek Kotecki | Dorotka, córka Lucy i ""Kusego"" | Dorotka, córka Lucy i ""Kusego"" | Monika Korczab"
"94",8,94,"Wybacz mnie",8.1,375,43,"Lucy Wilska | Wójt Paweł Kozioł / Ksiądz Piotr Kozioł | Jakub ""Kusy"" Sokołowski | Michałowa, gospodyni księdza | Stacho Japycz, mąż Michałowej | Arkadiusz Czerepach | Patryk Pietrek | Tadeusz Hadziuk | Maciej Solejuk | Ksiądz Maciej | Halina Kozioł, żona wójta | Księgowa Leokadia Czerepach / Księgowa Leokadia Paciorek | Kinga, córka Grażyny | Ksiądz Wikary Robert | Celina Hadziukowa | Kazimiera Solejukowa | Jola Pietrek | Wargaczowa | Wargacz | Barmanka Wioletka Kotecka | Polonista Tomasz Witebski | Francesca Andreoni | Marianek Solejuk | Syn Solejuków | Dorotka, córka Lucy i ""Kusego"" | Dorotka, córka Lucy i ""Kusego"""
"95",8,95,"Czysta karta",8.1,375,44,"Lucy Wilska | Wójt Paweł Kozioł / Ksiądz Piotr Kozioł | Jakub ""Kusy"" Sokołowski | Michałowa, gospodyni księdza | Stacho Japycz, mąż Michałowej | Arkadiusz Czerepach | Monika Korczab | Patryk Pietrek | Tadeusz Hadziuk | Maciej Solejuk | Ksiądz Maciej | Halina Kozioł, żona wójta | Księgowa Leokadia Czerepach / Księgowa Leokadia Paciorek | Kinga, córka Grażyny | Ksiądz Wikary Robert | Celina Hadziukowa | Krystyna Więcławska | Kazimiera Solejukowa | Jola Pietrek | Wargaczowa | Wargacz | Barmanka Wioletka Kotecka | Polonista Tomasz Witebski | Francesca Andreoni | Marianek Solejuk | Syn Solejuków | Dorotka, córka Lucy i ""Kusego"" | Dorotka, córka Lucy i ""Kusego"" | Wiesława Oleś, dyrektorka szkoły | Andrzej Więcławski"
"96",8,96,"Obywatelskie obowiązki",8.1,365,45,"Lucy Wilska | Wójt Paweł Kozioł / Ksiądz Piotr Kozioł | Jakub ""Kusy"" Sokołowski | Michałowa, gospodyni księdza | Stacho Japycz, mąż Michałowej | Arkadiusz Czerepach | Barmanka Wioletka Kotecka | Monika Korczab | Krystyna Więcławska | Andrzej Więcławski | Klaudia Kozioł, córka senatora | Patryk Pietrek | Maciej Solejuk | Tadeusz Hadziuk | Halina Kozioł, żona wójta | Księgowa Leokadia Czerepach / Księgowa Leokadia Paciorek | Wargacz | Radny Myćko | Ksiądz Maciej | Fabian Duda | Ksiądz Wikary Robert | Kinga, córka Grażyny | Policjant Stasiek Kotecki | Kazimiera Solejukowa | Celina Hadziukowa"
"97",8,97,"Nowatorska terapia",8.4,374,44,"Lucy Wilska | Wójt Paweł Kozioł / Ksiądz Piotr Kozioł | Jakub ""Kusy"" Sokołowski | Michałowa, gospodyni księdza | Stacho Japycz, mąż Michałowej | Arkadiusz Czerepach | Patryk Pietrek | Maciej Solejuk | Kazimiera Solejukowa | Tadeusz Hadziuk | Celina Hadziukowa | Kinga, córka Grażyny | Andrzej Więcławski | Halina Kozioł, żona wójta | Wiesława Oleś, dyrektorka szkoły | Farmaceuta Ryszard Polakowski | Doktor Mieczysław Wezół | Klaudia Kozioł, córka senatora | Księgowa Leokadia Czerepach / Księgowa Leokadia Paciorek | Zofia Steć, babka zielarka | Ksiądz Maciej | Ksiądz Wikary Robert | Marianek Solejuk | Kasia Solejuk | Syn Solejuków | Dorotka, córka Lucy i ""Kusego"" | Dorotka, córka Lucy i ""Kusego"""
"98",8,98,"Zbrodnia to niesłychana, pani zabija pana",8.5,388,44,"Lucy Wilska | Wójt Paweł Kozioł / Ksiądz Piotr Kozioł | Jakub ""Kusy"" Sokołowski | Michałowa, gospodyni księdza | Stacho Japycz, mąż Michałowej | Arkadiusz Czerepach | Maciej Solejuk | Tadeusz Hadziuk | Halina Kozioł, żona wójta | Farmaceuta Ryszard Polakowski | Księgowa Leokadia Czerepach / Księgowa Leokadia Paciorek | Kazimiera Solejukowa | Celina Hadziukowa | Patryk Pietrek | Policjant Stasiek Kotecki | Ksiądz Maciej | Ksiądz Wikary Robert | Barmanka Wioletka Kotecka | Klaudia Kozioł, córka senatora | Francesca Andreoni | Monika Korczab | Krystyna Więcławska"
"99",8,99,"Los pogorzelca",8,363,44,"Lucy Wilska | Wójt Paweł Kozioł / Ksiądz Piotr Kozioł | Jakub ""Kusy"" Sokołowski | Michałowa, gospodyni księdza | Stacho Japycz, mąż Michałowej | Arkadiusz Czerepach | Jagna Nowak | Fabian Duda | Ksiądz Maciej | Ksiądz Wikary Robert | Policjant Stasiek Kotecki | Patryk Pietrek | Tadeusz Hadziuk | Maciej Solejuk | Klaudia Kozioł, córka senatora | Monika Korczab | Kinga, córka Grażyny | Krystyna Więcławska | Celina Hadziukowa | Kazimiera Solejukowa | Halina Kozioł, żona wójta | Farmaceuta Ryszard Polakowski | Księgowa Leokadia Czerepach / Księgowa Leokadia Paciorek"
"100",8,100,"W blasku fleszy",8,364,44,"Lucy Wilska | Wójt Paweł Kozioł / Ksiądz Piotr Kozioł | Jakub ""Kusy"" Sokołowski | Michałowa, gospodyni księdza | Stacho Japycz, mąż Michałowej | Arkadiusz Czerepach | Klaudia Kozioł, córka senatora | Halina Kozioł, żona wójta | Monika Korczab | Jagna Nowak | Fabian Duda | Francesca Andreoni | Księgowa Leokadia Czerepach / Księgowa Leokadia Paciorek | Farmaceuta Ryszard Polakowski | Kazimiera Solejukowa | Ksiądz Maciej | Patryk Pietrek | Tadeusz Hadziuk | Maciej Solejuk | Kinga, córka Grażyny | Paweł | Doktor Mieczysław Wezół | Polonista Tomasz Witebski | Policjant Stasiek Kotecki | Wargacz | Radny Myćko | Ksiądz Wikary Robert"
"101",8,101,"Grecy i Bułgarzy",8.2,352,44,"Lucy Wilska | Wójt Paweł Kozioł / Ksiądz Piotr Kozioł | Jakub ""Kusy"" Sokołowski | Michałowa, gospodyni księdza | Stacho Japycz, mąż Michałowej | Arkadiusz Czerepach | Halina Kozioł, żona wójta | Kinga, córka Grażyny | Ksiądz Maciej | Ksiądz Wikary Robert | Klaudia Kozioł, córka senatora | Jagna Nowak | Fabian Duda | Tadeusz Hadziuk | Maciej Solejuk | Patryk Pietrek | Krystyna Więcławska | Dorota Wezółowa | Jola Pietrek | Doktor Mieczysław Wezół | Zofia Steć, babka zielarka | Księgowa Leokadia Czerepach / Księgowa Leokadia Paciorek | Kazimiera Solejukowa | Celina Hadziukowa | Monika Korczab | Wargaczowa | Wargacz | Radny Myćko | Paweł | Marianek Solejuk | Dorotka, córka Lucy i ""Kusego"" | Dorotka, córka Lucy i ""Kusego"""
"102",8,102,"Jedźmy, nikt nie woła",8.1,348,44,"Lucy Wilska | Wójt Paweł Kozioł / Ksiądz Piotr Kozioł | Jakub ""Kusy"" Sokołowski | Michałowa, gospodyni księdza | Stacho Japycz, mąż Michałowej | Arkadiusz Czerepach | Monika Korczab | Klaudia Kozioł, córka senatora | Halina Kozioł, żona wójta | Księgowa Leokadia Czerepach / Księgowa Leokadia Paciorek | Dorota Wezółowa | Ksiądz Maciej | Fabian Duda | Kinga, córka Grażyny | Zofia Steć, babka zielarka | Tadeusz Hadziuk | Maciej Solejuk | Patryk Pietrek | Doktor Mieczysław Wezół | Celina Hadziukowa | Kazimiera Solejukowa | Krystyna Więcławska | Jola Pietrek | Francesca Andreoni | Barmanka Wioletka Kotecka | Paweł | Wargaczowa | Wargacz | Dorotka, córka Lucy i ""Kusego"" | Dorotka, córka Lucy i ""Kusego"""
"103",8,103,"Nie rzucaj ziemi, skąd twój ród",8.5,376,43,"Lucy Wilska | Wójt Paweł Kozioł / Ksiądz Piotr Kozioł | Jakub ""Kusy"" Sokołowski | Michałowa, gospodyni księdza | Stacho Japycz, mąż Michałowej | Arkadiusz Czerepach | Klaudia Kozioł, córka senatora | Fabian Duda | Kinga, córka Grażyny | Ksiądz Wikary Robert | Ksiądz Maciej | Księgowa Leokadia Czerepach / Księgowa Leokadia Paciorek | Halina Kozioł, żona wójta | Maciej Solejuk | Celina Hadziukowa | Krystyna Więcławska | Tadeusz Hadziuk | Patryk Pietrek | Kazimiera Solejukowa | Jola Pietrek | Monika Korczab | Wiesława Oleś, dyrektorka szkoły | Doktor Mieczysław Wezół | Barmanka Wioletka Kotecka | Zofia Steć, babka zielarka | Andrzej Więcławski"
"104",8,104,"Wielkie otwarcie",8.3,345,43,"Lucy Wilska | Wójt Paweł Kozioł / Ksiądz Piotr Kozioł | Jakub ""Kusy"" Sokołowski | Michałowa, gospodyni księdza | Stacho Japycz, mąż Michałowej | Arkadiusz Czerepach | Dorota Wezółowa | Celina Hadziukowa | Kazimiera Solejukowa | Krystyna Więcławska | Jola Pietrek | Ksiądz Maciej | Halina Kozioł, żona wójta | Księgowa Leokadia Czerepach / Księgowa Leokadia Paciorek | Tadeusz Hadziuk | Maciej Solejuk | Patryk Pietrek | Kinga, córka Grażyny | Paweł | Klaudia Kozioł, córka senatora | Fabian Duda | Ksiądz Wikary Robert | Andrzej Więcławski | Wiesława Oleś, dyrektorka szkoły | Doktor Mieczysław Wezół | Monika Korczab | Barmanka Wioletka Kotecka | Wargacz | Radny Myćko | Farmaceuta Ryszard Polakowski | Dorotka, córka Lucy i ""Kusego"" | Dorotka, córka Lucy i ""Kusego"""
"105",9,105,"Nowe wyzwania",7.7,300,43,"Lucy Wilska | Wójt Paweł Kozioł / Ksiądz Piotr Kozioł | Jakub ""Kusy"" Sokołowski | Michałowa, gospodyni księdza | Stacho Japycz, mąż Michałowej | Arkadiusz Czerepach | Monika Korczab | Barmanka Wioletka Kotecka | Francesca Andreoni | Policjant Stasiek Kotecki | Ksiądz Wikary Robert | Ksiądz Maciej | Halina Kozioł, żona wójta | Kinga, córka Grażyny | Paweł | Księgowa Leokadia Czerepach / Księgowa Leokadia Paciorek | Maciej Solejuk | Tadeusz Hadziuk | Patryk Pietrek | Wiesława Oleś, dyrektorka szkoły | Doktor Mieczysław Wezół | Farmaceuta Ryszard Polakowski | Andrzej Więcławski | Klaudia Kozioł, córka senatora | Fabian Duda | Dorotka, córka Lucy i ""Kusego"" | Dorotka, córka Lucy i ""Kusego"""
"106",9,106,"Bardzo krótkie kariery",7.3,291,44,"Lucy Wilska | Wójt Paweł Kozioł / Ksiądz Piotr Kozioł | Jakub ""Kusy"" Sokołowski | Michałowa, gospodyni księdza | Stacho Japycz, mąż Michałowej | Arkadiusz Czerepach | Ksiądz Maciej | Wiesława Oleś, dyrektorka szkoły | Doktor Mieczysław Wezół | Andrzej Więcławski | Farmaceuta Ryszard Polakowski | Patryk Pietrek | Tadeusz Hadziuk | Maciej Solejuk | Halina Kozioł, żona wójta | Księgowa Leokadia Czerepach / Księgowa Leokadia Paciorek | Barmanka Wioletka Kotecka | Policjant Stasiek Kotecki | Jola Pietrek | Francesca Andreoni | Kinga, córka Grażyny | Klaudia Kozioł, córka senatora | Fabian Duda | Dorotka, córka Lucy i ""Kusego"" | Dorotka, córka Lucy i ""Kusego"" | Ksiądz Wikary Robert"
"107",9,107,"W szponach zdrowia",6.8,308,44,"Lucy Wilska | Wójt Paweł Kozioł / Ksiądz Piotr Kozioł | Jakub ""Kusy"" Sokołowski | Michałowa, gospodyni księdza | Stacho Japycz, mąż Michałowej | Arkadiusz Czerepach | Krystyna Więcławska | Halina Kozioł, żona wójta | Księgowa Leokadia Czerepach / Księgowa Leokadia Paciorek | Ksiądz Wikary Robert | Ksiądz Maciej | Tadeusz Hadziuk | Maciej Solejuk | Barmanka Wioletka Kotecka | Kazimiera Solejukowa | Zofia Steć, babka zielarka | Fabian Duda | Doktor Mieczysław Wezół | Patryk Pietrek | Klaudia Kozioł, córka senatora"
"108",9,108,"Gambit geniusza",6.6,313,44,"Lucy Wilska | Wójt Paweł Kozioł / Ksiądz Piotr Kozioł | Jakub ""Kusy"" Sokołowski | Michałowa, gospodyni księdza | Stacho Japycz, mąż Michałowej | Arkadiusz Czerepach | Kazimiera Solejukowa | Maciej Solejuk | Doktor Mieczysław Wezół | Ksiądz Wikary Robert | Ksiądz Maciej | Tadeusz Hadziuk | Patryk Pietrek | Zofia Steć, babka zielarka | Barmanka Wioletka Kotecka | Wiesława Oleś, dyrektorka szkoły | Księgowa Leokadia Czerepach / Księgowa Leokadia Paciorek | Halina Kozioł, żona wójta | Andrzej Więcławski | Farmaceuta Ryszard Polakowski | Kinga, córka Grażyny | Fabian Duda | Dorotka, córka Lucy i ""Kusego"" | Dorotka, córka Lucy i ""Kusego"" | Monika Korczab"
"109",9,109,"Potęga mediów",7.7,256,44,"Lucy Wilska | Wójt Paweł Kozioł / Ksiądz Piotr Kozioł | Jakub ""Kusy"" Sokołowski | Michałowa, gospodyni księdza | Stacho Japycz, mąż Michałowej | Arkadiusz Czerepach | Dorota Wezółowa | Doktor Mieczysław Wezół | Monika Korczab | Wiesława Oleś, dyrektorka szkoły | Andrzej Więcławski | Patryk Pietrek | Tadeusz Hadziuk | Ksiądz Maciej | Księgowa Leokadia Czerepach / Księgowa Leokadia Paciorek | Ksiądz Wikary Robert | Polonista Tomasz Witebski | Halina Kozioł, żona wójta | Krystyna Więcławska | Barmanka Wioletka Kotecka | Maciej Solejuk | Zofia Steć, babka zielarka | Farmaceuta Ryszard Polakowski"
"110",9,110,"Boska cząstka",7.7,256,44,"Lucy Wilska | Wójt Paweł Kozioł / Ksiądz Piotr Kozioł | Jakub ""Kusy"" Sokołowski | Michałowa, gospodyni księdza | Stacho Japycz, mąż Michałowej | Arkadiusz Czerepach | Kinga, córka Grażyny | Paweł | Halina Kozioł, żona wójta | Klaudia Kozioł, córka senatora | Polonista Tomasz Witebski | Francesca Andreoni | Barmanka Wioletka Kotecka | Patryk Pietrek | Jola Pietrek | Maciej Solejuk | Tadeusz Hadziuk | Ksiądz Maciej | Doktor Mieczysław Wezół | Dorota Wezółowa | Radny Myćko | Wargacz | Dorotka, córka Lucy i ""Kusego"" | Dorotka, córka Lucy i ""Kusego"" | Ksiądz Wikary Robert"
"111",9,111,"Istotny dysonans",7.8,254,43,"Lucy Wilska | Wójt Paweł Kozioł / Ksiądz Piotr Kozioł | Jakub ""Kusy"" Sokołowski | Michałowa, gospodyni księdza | Stacho Japycz, mąż Michałowej | Arkadiusz Czerepach | Barmanka Wioletka Kotecka | Ksiądz Wikary Robert | Ksiądz Maciej | Halina Kozioł, żona wójta | Klaudia Kozioł, córka senatora | Kazimiera Solejukowa | Krystyna Więcławska | Kinga, córka Grażyny | Fabian Duda | Księgowa Leokadia Czerepach / Księgowa Leokadia Paciorek | Andrzej Więcławski | Patryk Pietrek | Maciej Solejuk | Tadeusz Hadziuk | Celina Hadziukowa | Farmaceuta Ryszard Polakowski | Polonista Tomasz Witebski | Francesca Andreoni"
"112",9,112,"Demony Kusego",7.6,250,44,"Lucy Wilska | Wójt Paweł Kozioł / Ksiądz Piotr Kozioł | Jakub ""Kusy"" Sokołowski | Michałowa, gospodyni księdza | Stacho Japycz, mąż Michałowej | Arkadiusz Czerepach | Francesca Andreoni | Ksiądz Wikary Robert | Patryk Pietrek | Maciej Solejuk | Tadeusz Hadziuk | Halina Kozioł, żona wójta | Kazimiera Solejukowa | Celina Hadziukowa | Krystyna Więcławska | Zofia Steć, babka zielarka | Księgowa Leokadia Czerepach / Księgowa Leokadia Paciorek | Klaudia Kozioł, córka senatora | Kinga, córka Grażyny | Fabian Duda | Dorota Wezółowa | Doktor Mieczysław Wezół | Farmaceuta Ryszard Polakowski | Andrzej Więcławski | Dorotka, córka Lucy i ""Kusego"" | Dorotka, córka Lucy i ""Kusego"""
"113",9,113,"Konie trojańskie",7.8,246,44,"Lucy Wilska | Wójt Paweł Kozioł / Ksiądz Piotr Kozioł | Jakub ""Kusy"" Sokołowski | Michałowa, gospodyni księdza | Stacho Japycz, mąż Michałowej | Arkadiusz Czerepach | Księgowa Leokadia Czerepach / Księgowa Leokadia Paciorek | Fabian Duda | Kazimiera Solejukowa | Maciej Solejuk | Tadeusz Hadziuk | Patryk Pietrek | Marianek Solejuk | Krystyna Więcławska | Andrzej Więcławski | Celina Hadziukowa | Ksiądz Wikary Robert | Ksiądz Maciej | Wargacz | Radny Myćko | Kinga, córka Grażyny | Halina Kozioł, żona wójta | Monika Korczab"
"114",9,114,"Zamrożony kapitał",7.9,242,43,"Lucy Wilska | Wójt Paweł Kozioł / Ksiądz Piotr Kozioł | Jakub ""Kusy"" Sokołowski | Michałowa, gospodyni księdza | Stacho Japycz, mąż Michałowej | Arkadiusz Czerepach | Księgowa Leokadia Czerepach / Księgowa Leokadia Paciorek | Kazimiera Solejukowa | Maciej Solejuk | Tadeusz Hadziuk | Patryk Pietrek | Andrzej Więcławski | Celina Hadziukowa | Ksiądz Wikary Robert | Ksiądz Maciej | Kinga, córka Grażyny | Halina Kozioł, żona wójta | Polonista Tomasz Witebski | Jakub | Dorotka, córka Lucy i ""Kusego"" | Dorotka, córka Lucy i ""Kusego"" | Wiesława Oleś, dyrektorka szkoły"
"115",9,115,"Brzytwa dla tonącego",8,242,44,"Lucy Wilska | Wójt Paweł Kozioł / Ksiądz Piotr Kozioł | Jakub ""Kusy"" Sokołowski | Michałowa, gospodyni księdza | Stacho Japycz, mąż Michałowej | Arkadiusz Czerepach | Monika Korczab | Kazimiera Solejukowa | Patryk Pietrek | Tadeusz Hadziuk | Krystyna Więcławska | Księgowa Leokadia Czerepach / Księgowa Leokadia Paciorek | Maciej Solejuk | Wiesława Oleś, dyrektorka szkoły | Andrzej Więcławski | Celina Hadziukowa | Kinga, córka Grażyny | Klaudia Kozioł, córka senatora | Polonista Tomasz Witebski | Zofia Steć, babka zielarka | Halina Kozioł, żona wójta | Fabian Duda | Ksiądz Wikary Robert | Kasia Solejuk | Marianek Solejuk | Syn Solejuków | Dorotka, córka Lucy i ""Kusego"" | Dorotka, córka Lucy i ""Kusego"""
"116",9,116,"Grzechy miłości",7.9,248,44,"Lucy Wilska | Wójt Paweł Kozioł / Ksiądz Piotr Kozioł | Jakub ""Kusy"" Sokołowski | Michałowa, gospodyni księdza | Stacho Japycz, mąż Michałowej | Arkadiusz Czerepach | Kazimiera Solejukowa | Maciej Solejuk | Celina Hadziukowa | Klaudia Kozioł, córka senatora | Kinga, córka Grażyny | Fabian Duda | Patryk Pietrek | Tadeusz Hadziuk | Doktor Mieczysław Wezół | Jakub | Wargacz | Radny Myćko | Andrzej Więcławski | Ksiądz Maciej | Marianek Solejuk | Francesca Andreoni | Polonista Tomasz Witebski | Dorotka, córka Lucy i ""Kusego"" | Dorotka, córka Lucy i ""Kusego"" | Monika Korczab | Krystyna Więcławska | Ksiądz Wikary Robert"
"117",9,117,"Złoty róg",8.1,255,44,"Lucy Wilska | Wójt Paweł Kozioł / Ksiądz Piotr Kozioł | Jakub ""Kusy"" Sokołowski | Michałowa, gospodyni księdza | Stacho Japycz, mąż Michałowej | Arkadiusz Czerepach | Ksiądz Wikary Robert | Ksiądz Maciej | Wiesława Oleś, dyrektorka szkoły | Andrzej Więcławski | Krystyna Więcławska | Halina Kozioł, żona wójta | Księgowa Leokadia Czerepach / Księgowa Leokadia Paciorek | Kazimiera Solejukowa | Maciej Solejuk | Tadeusz Hadziuk | Celina Hadziukowa | Patryk Pietrek | Kinga, córka Grażyny | Monika Korczab | Jakub | Jola Pietrek | Klaudia Kozioł, córka senatora | Fabian Duda | Francesca Andreoni | Polonista Tomasz Witebski | Barmanka Wioletka Kotecka | Kasia Solejuk | Marianek Solejuk | Syn Solejuków"
"118",10,118,"Kto tu rządzi",7.7,230,44,"Lucy Wilska | Wójt Paweł Kozioł / Ksiądz Piotr Kozioł | Jakub ""Kusy"" Sokołowski | Michałowa, gospodyni księdza | Stacho Japycz, mąż Michałowej | Arkadiusz Czerepach | Kinga, córka Grażyny | Krystyna Więcławska | Andrzej Więcławski | Kazimiera Solejukowa | Maciej Solejuk | Księgowa Leokadia Czerepach / Księgowa Leokadia Paciorek | Fabian Duda | Ksiądz Wikary Robert | Ksiądz Maciej | Patryk Pietrek | Celina Hadziukowa | Tadeusz Hadziuk | Monika Korczab | Kasia Solejuk | Marianek Solejuk | Syn Solejuków | Dublerka ""Oli"""
"119",10,119,"Partyzancka dola",7.6,210,44,"Lucy Wilska | Wójt Paweł Kozioł / Ksiądz Piotr Kozioł | Jakub ""Kusy"" Sokołowski | Michałowa, gospodyni księdza | Stacho Japycz, mąż Michałowej | Arkadiusz Czerepach | Kazimiera Solejukowa | Maciej Solejuk | Zofia Steć, babka zielarka | Klaudia Kozioł, córka senatora | Fabian Duda | Celina Hadziukowa | Tadeusz Hadziuk | Monika Korczab | Kinga, córka Grażyny | Ksiądz Maciej | Krystyna Więcławska | Halina Kozioł, żona wójta | Patryk Pietrek | Wiesława Oleś, dyrektorka szkoły | Księgowa Leokadia Czerepach / Księgowa Leokadia Paciorek | Dublerka ""Oli"""
"120",10,120,"Próba ognia",7.8,208,43,"Lucy Wilska | Wójt Paweł Kozioł / Ksiądz Piotr Kozioł | Jakub ""Kusy"" Sokołowski | Michałowa, gospodyni księdza | Stacho Japycz, mąż Michałowej | Arkadiusz Czerepach | Ksiądz Wikary Robert | Ksiądz Maciej | Andrzej Więcławski | Klaudia Kozioł, córka senatora | Patryk Pietrek | Tadeusz Hadziuk | Maciej Solejuk | Kazimiera Solejukowa | Halina Kozioł, żona wójta | Księgowa Leokadia Czerepach / Księgowa Leokadia Paciorek | Wiesława Oleś, dyrektorka szkoły | Fabian Duda | Kinga, córka Grażyny | Krystyna Więcławska | Syn Solejuków | Dublerka ""Oli"""
"121",10,121,"Geny nie kłamią",7.7,202,43,"Lucy Wilska | Wójt Paweł Kozioł / Ksiądz Piotr Kozioł | Jakub ""Kusy"" Sokołowski | Michałowa, gospodyni księdza | Stacho Japycz, mąż Michałowej | Arkadiusz Czerepach | Kazimiera Solejukowa | Maciej Solejuk | Klaudia Kozioł, córka senatora | Fabian Duda | Celina Hadziukowa | Tadeusz Hadziuk | Patryk Pietrek | Kinga, córka Grażyny | Ksiądz Wikary Robert | Krystyna Więcławska | Halina Kozioł, żona wójta | Księgowa Leokadia Czerepach / Księgowa Leokadia Paciorek | Wiesława Oleś, dyrektorka szkoły | Dublerka ""Oli"" | Andrzej Więcławski"
"122",10,122,"Wszystko jest teatrem",7.6,195,43,"Lucy Wilska | Wójt Paweł Kozioł / Ksiądz Piotr Kozioł | Jakub ""Kusy"" Sokołowski | Michałowa, gospodyni księdza | Stacho Japycz, mąż Michałowej | Arkadiusz Czerepach | Kinga, córka Grażyny | Jakub | Klaudia Kozioł, córka senatora | Fabian Duda | Patryk Pietrek | Tadeusz Hadziuk | Maciej Solejuk | Barmanka Wioletka Kotecka | Andrzej Więcławski | Wiesława Oleś, dyrektorka szkoły | Polonista Tomasz Witebski | Doktor Mieczysław Wezół | Dublerka ""Oli"" | Ksiądz Wikary Robert"
"123",10,123,"Depresja biskupa",7.6,199,44,"Lucy Wilska | Wójt Paweł Kozioł / Ksiądz Piotr Kozioł | Jakub ""Kusy"" Sokołowski | Michałowa, gospodyni księdza | Stacho Japycz, mąż Michałowej | Arkadiusz Czerepach | Ksiądz Wikary Robert | Ksiądz Maciej | Halina Kozioł, żona wójta | Księgowa Leokadia Czerepach / Księgowa Leokadia Paciorek | Krystyna Więcławska | Andrzej Więcławski | Kinga, córka Grażyny | Jakub | Patryk Pietrek | Tadeusz Hadziuk | Maciej Solejuk | Klaudia Kozioł, córka senatora | Fabian Duda | Polonista Tomasz Witebski | Barmanka Wioletka Kotecka | Francesca Andreoni | Dublerka ""Oli"""
"124",10,124,"Wet za wet",7.9,198,43,"Lucy Wilska | Wójt Paweł Kozioł / Ksiądz Piotr Kozioł | Jakub ""Kusy"" Sokołowski | Michałowa, gospodyni księdza | Stacho Japycz, mąż Michałowej | Arkadiusz Czerepach | Ksiądz Maciej | Halina Kozioł, żona wójta | Księgowa Leokadia Czerepach / Księgowa Leokadia Paciorek | Kazimiera Solejukowa | Maciej Solejuk | Dorota Wezółowa | Francesca Andreoni | Wiesława Oleś, dyrektorka szkoły | Patryk Pietrek | Tadeusz Hadziuk | Andrzej Więcławski | Krystyna Więcławska | Polonista Tomasz Witebski | Jola Pietrek | Kinga, córka Grażyny | Jakub | Doktor Mieczysław Wezół | Dublerka ""Oli"""
"125",10,125,"Polityczny zombie",7.9,203,44,"Lucy Wilska | Wójt Paweł Kozioł / Ksiądz Piotr Kozioł | Jakub ""Kusy"" Sokołowski | Michałowa, gospodyni księdza | Stacho Japycz, mąż Michałowej | Arkadiusz Czerepach | Halina Kozioł, żona wójta | Francesca Andreoni | Patryk Pietrek | Kinga, córka Grażyny | Jakub | Jola Pietrek | Maciej Solejuk | Krystyna Więcławska | Księgowa Leokadia Czerepach / Księgowa Leokadia Paciorek | Kazimiera Solejukowa | Ksiądz Maciej | Tadeusz Hadziuk | Doktor Mieczysław Wezół | Wargacz | Radny Myćko | Ksiądz Wikary Robert | Dublerka ""Oli"""
"126",10,126,"Edukacyjne dylematy",7.7,197,43,"Lucy Wilska | Wójt Paweł Kozioł / Ksiądz Piotr Kozioł | Jakub ""Kusy"" Sokołowski | Michałowa, gospodyni księdza | Stacho Japycz, mąż Michałowej | Arkadiusz Czerepach | Kazimiera Solejukowa | Kinga, córka Grażyny | Ksiądz Maciej | Francesca Andreoni | Polonista Tomasz Witebski | Ksiądz Wikary Robert | Wiesława Oleś, dyrektorka szkoły | Barmanka Wioletka Kotecka | Monika Korczab | Jakub | Halina Kozioł, żona wójta | Krystyna Więcławska | Farmaceuta Ryszard Polakowski | Tadeusz Hadziuk | Maciej Solejuk | Patryk Pietrek | Marianek Solejuk | Dublerka ""Oli"""
"127",10,127,"Dominator",7.8,185,43,"Wójt Paweł Kozioł / Ksiądz Piotr Kozioł | Jakub ""Kusy"" Sokołowski | Michałowa, gospodyni księdza | Stacho Japycz, mąż Michałowej | Arkadiusz Czerepach | Kinga, córka Grażyny | Jakub | Jola Pietrek | Patryk Pietrek | Tadeusz Hadziuk | Maciej Solejuk | Klaudia Kozioł, córka senatora | Ksiądz Wikary Robert | Ksiądz Maciej | Wargacz | Radny Myćko | Francesca Andreoni | Dublerka ""Oli"""
"128",10,128,"Klauzula sumienia",7.8,188,43,"Lucy Wilska | Wójt Paweł Kozioł / Ksiądz Piotr Kozioł | Jakub ""Kusy"" Sokołowski | Michałowa, gospodyni księdza | Stacho Japycz, mąż Michałowej | Arkadiusz Czerepach | Tadeusz Hadziuk | Maciej Solejuk | Kinga, córka Grażyny | Klaudia Kozioł, córka senatora | Ksiądz Wikary Robert | Ksiądz Maciej | Jakub | Barmanka Wioletka Kotecka | Patryk Pietrek | Doktor Mieczysław Wezół | Francesca Andreoni | Kazimiera Solejukowa | Wiesława Oleś, dyrektorka szkoły | Dorota Wezółowa | Kobieta | Dublerka ""Oli"""
"129",10,129,"Ochotnicza straż kobiet",7.9,193,43,"Wójt Paweł Kozioł / Ksiądz Piotr Kozioł | Jakub ""Kusy"" Sokołowski | Michałowa, gospodyni księdza | Stacho Japycz, mąż Michałowej | Arkadiusz Czerepach | Kazimiera Solejukowa | Wiesława Oleś, dyrektorka szkoły | Kinga, córka Grażyny | Klaudia Kozioł, córka senatora | Jakub | Ksiądz Wikary Robert | Ksiądz Maciej | Patryk Pietrek | Tadeusz Hadziuk | Maciej Solejuk | Zofia Steć, babka zielarka | Barmanka Wioletka Kotecka | Francesca Andreoni | Jola Pietrek | Halina Kozioł, żona wójta | Księgowa Leokadia Czerepach / Księgowa Leokadia Paciorek | Policjant Stasiek Kotecki | Doktor Mieczysław Wezół | Andrzej Więcławski"
"130",10,130,"Cuda, cuda ogłaszają",8.4,226,47,"Lucy Wilska | Wójt Paweł Kozioł / Ksiądz Piotr Kozioł | Jakub ""Kusy"" Sokołowski | Michałowa, gospodyni księdza | Stacho Japycz, mąż Michałowej | Arkadiusz Czerepach | Ksiądz Wikary Robert | Ksiądz Maciej | Policjant Stasiek Kotecki | Kinga, córka Grażyny | Doktor Mieczysław Wezół | Celina Hadziukowa | Tadeusz Hadziuk | Patryk Pietrek | Maciej Solejuk | Wiesława Oleś, dyrektorka szkoły | Andrzej Więcławski | Farmaceuta Ryszard Polakowski | Jakub | Księgowa Leokadia Czerepach / Księgowa Leokadia Paciorek | Halina Kozioł, żona wójta | Kazimiera Solejukowa | Krystyna Więcławska | Francesca Andreoni | Polonista Tomasz Witebski | Jola Pietrek | Kasia Solejuk | Syn Solejuków | Dorotka, córka Lucy i ""Kusego"" | Dorotka, córka Lucy i ""Kusego"" | Dublerka ""Oli"" | Dorota Wezółowa"
